date,t2m_C_mean,rh2m_pct_mean,wind10m_ms_mean,rain_mm_day
1/1/2019,3.43,65.23,2.35,0.44637498
1/2/2019,2.96,47.24,2.45,0
1/3/2019,5.01,46.52,2.25,0
1/4/2019,8.86,44.94,3.41,0
1/5/2019,10.53,50.34,2.9,0.6095
1/6/2019,9.53,86.5,1.53,19.130749
1/7/2019,9.34,71.11,2.4,0
1/8/2019,12.36,50.17,3.39,0.002
1/9/2019,14.21,46.05,3.86,0.057749998
1/10/2019,14.44,59.37,2.48,0.29924998
1/11/2019,11.92,62.14,1.92,0.001875
1/12/2019,11.63,48.06,4.26,0.024249999
1/13/2019,11.03,70.2,1.76,1.5001249
1/14/2019,14.05,59.35,2.63,0.54487497
1/15/2019,12.51,76.37,2.73,3.9759998
1/16/2019,13.82,75.78,1.33,0.223875
1/17/2019,13.35,64.8,2.38,0.003625
1/18/2019,13.78,60.08,2.94,0.44837505
1/19/2019,12.12,38.32,3.12,0.001625
1/20/2019,15.16,31.94,3.06,0
1/21/2019,11.28,45.92,4.49,0.104125
1/22/2019,9,42.96,3.19,0.001
1/23/2019,8.27,34.07,2.56,0.0005
1/24/2019,10.73,34.52,2.4,0
1/25/2019,10.66,36.01,3.29,0
1/26/2019,11.32,36.16,3.18,0.001
1/27/2019,12.59,37.76,2.68,0
1/28/2019,13.49,40.41,2.86,0
1/29/2019,14.32,36.42,3.03,0.15274999
1/30/2019,15.45,35.62,2.35,0.30275
1/31/2019,15.39,38.73,2.2,0.053625
2/1/2019,16.18,46.48,1.62,0.04375
2/2/2019,15.38,60.58,2.41,0.9776251
2/3/2019,12.86,82.56,2.44,11.82
2/4/2019,12.17,70.25,3.27,0.09950001
2/5/2019,11.37,75.09,4.11,0.20025
2/6/2019,7.26,59.12,4.29,0.19399998
2/7/2019,5.64,38.03,2.26,0
2/8/2019,9.07,34.2,3.28,0
2/9/2019,8.75,47.04,3.19,0.12725
2/10/2019,9.58,46.9,2.97,0.033249997
2/11/2019,7.61,49.28,2.59,0
2/12/2019,9.97,31.9,3.4,0
2/13/2019,13.68,31.71,3.21,0.684
2/14/2019,13.79,66.03,2.95,11.105749
2/15/2019,13.54,70.09,2.19,5.603875
2/16/2019,10.01,58.72,3.87,0.21874997
2/17/2019,8.2,51.28,3.35,0
2/18/2019,7.56,60.69,2.48,0.52225
2/19/2019,5.42,49.67,2.56,0
2/20/2019,6.5,37.36,2.01,0
2/21/2019,6.19,83.47,4.88,9.140375
2/22/2019,4.31,83.23,3.2,10.717626
2/23/2019,4.12,62.87,2.61,0.23550001
2/24/2019,7.15,55.21,3.39,0.001375
2/25/2019,9.79,51.97,2.15,0
2/26/2019,13.58,43.71,2.32,0.0125
2/27/2019,16.44,37.37,1.78,0.143125
2/28/2019,16.39,40.04,1.96,0
3/1/2019,17.53,48.31,1.95,0.013624999
3/2/2019,17.74,54.18,3.21,0.085
3/3/2019,15.51,68.96,2.85,0
3/4/2019,15.64,56.42,1.85,0.117125
3/5/2019,17.05,45.24,2.68,0
3/6/2019,17.7,43.38,4.33,2.5724998
3/7/2019,16.42,55.94,2.6,0.23287502
3/8/2019,12.93,55.91,4.78,0.78024995
3/9/2019,11.99,46.38,1.83,0
3/10/2019,13.74,44.11,2.72,0
3/11/2019,13.51,63.45,2.95,3.6739998
3/12/2019,11.72,79.59,3.28,15.927374
3/13/2019,10.87,62.39,6.39,0.31487498
3/14/2019,9.46,43.63,2.14,0
3/15/2019,13.31,44.32,5.18,0.00075
3/16/2019,16.47,45.83,5.14,0.011000001
3/17/2019,17.66,44.46,3.14,0.003875
3/18/2019,18.72,43.86,3,0
3/19/2019,20.1,40.53,2.61,0
3/20/2019,19.05,40.59,3.19,0.007625
3/21/2019,14.67,53.49,3.03,1.192125
3/22/2019,15.03,41.96,1.78,0.01575
3/23/2019,17.03,37.92,1.97,0.001875
3/24/2019,18.43,36.96,1.69,0.003
3/25/2019,18.89,36.62,3.12,0
3/26/2019,20.87,35.23,2.7,0.01875
3/27/2019,20.98,32.4,1.56,0.40187502
3/28/2019,20.28,33.56,2.59,0.004875
3/29/2019,17.98,36.96,2.86,0
3/30/2019,18.13,32.52,3.36,0
3/31/2019,18.44,33.42,3.14,0
4/1/2019,18.53,28.72,3.61,0
4/2/2019,19.88,33.26,3.81,0
4/3/2019,18.21,42.56,2.88,0
4/4/2019,18.62,39.63,3.04,0.00225
4/5/2019,18.58,42.97,3.33,0.000125
4/6/2019,19.32,50.67,2.19,0.067499995
4/7/2019,21.92,36.64,2.13,0
4/8/2019,24.73,30.47,2.76,0
4/9/2019,24.75,28.66,4.55,0
4/10/2019,17.5,33.37,6.75,0
4/11/2019,16.65,33.05,3.63,0
4/12/2019,16.89,40.76,2.02,0.023624998
4/13/2019,17.68,37.27,2.29,0
4/14/2019,20.5,29.56,2.31,0
4/15/2019,22.25,30.73,3.09,0
4/16/2019,18.3,48.02,4.67,0.03825
4/17/2019,17.94,55.74,2.64,1.298125
4/18/2019,21.7,32.65,2.88,0
4/19/2019,25.87,23.81,3.72,0
4/20/2019,23.85,28.1,4,0.000875
4/21/2019,21.46,33.59,3.92,0
4/22/2019,21.76,27.87,2.2,0
4/23/2019,21.85,35.8,2.2,0.160375
4/24/2019,23.28,37.24,3.04,0.006875
4/25/2019,26.78,25.68,2.28,0
4/26/2019,27.74,23.02,2.86,0
4/27/2019,26.37,23.97,2.91,0
4/28/2019,25.79,25.76,3.03,0
4/29/2019,23.3,35.64,4.17,2.929625
4/30/2019,20.63,42.83,2.73,3.53275
5/1/2019,22.15,33.72,2.21,0
5/2/2019,22.96,26.23,2.11,0.021249998
5/3/2019,24.89,22.19,2.22,0
5/4/2019,25.84,20.92,2.3,0
5/5/2019,26.44,21.6,2.21,0.002125
5/6/2019,21.08,35.07,3.45,0.14637499
5/7/2019,18.52,45.19,2.51,0.67349994
5/8/2019,20.85,47.57,2.74,2.417125
5/9/2019,22.82,38.81,3.7,0.39699998
5/10/2019,22.51,38.17,3.33,0.00125
5/11/2019,22.58,44.78,1.56,0.07025
5/12/2019,21.88,44.97,1.71,0.9215
5/13/2019,24.11,38.14,2.32,0.051624995
5/14/2019,27.43,28.15,2.18,0
5/15/2019,28.42,26.4,3.08,0.000625
5/16/2019,25.78,27.89,5.98,0.00725
5/17/2019,19.85,31.62,3.99,0.000125
5/18/2019,22.26,23.48,1.69,0
5/19/2019,20.77,29.08,4.14,0.066375
5/20/2019,17.72,38.31,4.75,0.77075
5/21/2019,18.74,36,5.16,0
5/22/2019,17.57,43.52,3.93,0.01075
5/23/2019,17.89,43.45,2.83,0.495125
5/24/2019,21.62,27.76,2.6,0
5/25/2019,24.1,19.84,2.8,0
5/26/2019,22.37,26.55,4.49,0.002
5/27/2019,19.53,33.92,4.55,0.001625
5/28/2019,21.28,23.79,2.14,0.000125
5/29/2019,24.48,23.77,1.75,0.02075
5/30/2019,27.19,22.71,2.05,0
5/31/2019,27.64,17.91,2.98,0.001875
6/1/2019,27.9,19.44,3.24,0
6/2/2019,27.18,22.4,2.61,0
6/3/2019,27.63,19.01,2.68,0
6/4/2019,28.4,17.36,2.42,0
6/5/2019,29.51,17.62,3.14,0
6/6/2019,30.25,17.68,3.27,0
6/7/2019,30.17,22.71,3.23,0
6/8/2019,29.95,18.76,1.98,0
6/9/2019,32.03,12.76,2.17,0
6/10/2019,33.46,17.82,3.57,0
6/11/2019,33.9,22.86,3.8,0
6/12/2019,34.18,11.98,2.81,0.00075
6/13/2019,33.25,14.48,2.32,0.025249999
6/14/2019,30.89,13.02,4.49,0
6/15/2019,31.7,11.82,2.26,0
6/16/2019,32.13,14.29,2.98,0
6/17/2019,31.85,15.19,3.17,0
6/18/2019,30.73,14.59,2.98,0
6/19/2019,31.12,9.52,2.6,0
6/20/2019,30.86,12.46,3.79,0
6/21/2019,29.91,18.19,4.92,0
6/22/2019,29.51,23.16,3.99,0
6/23/2019,29.51,16.34,2.48,0
6/24/2019,31.26,10.86,2.35,0
6/25/2019,31.43,10.65,3.01,0.003875
6/26/2019,30.88,14.1,3.31,0
6/27/2019,32.03,10.39,2.49,0.036124997
6/28/2019,34.77,8.29,2.69,0.008624999
6/29/2019,35.66,12.99,3.49,0.00025
6/30/2019,35.69,17.72,3.14,0.024124999
7/1/2019,35.37,13.66,3.28,0
7/2/2019,33.59,13.81,3.54,0
7/3/2019,32.65,15.11,4.06,0
7/4/2019,32.15,11.96,3.3,0
7/5/2019,32.7,12.99,2.45,0
7/6/2019,33.32,13.91,2.57,0.000125
7/7/2019,33.94,12.6,3.55,0.000125
7/8/2019,31.61,10.81,3.96,0.007625
7/9/2019,32.77,11.43,2.3,0.0015
7/10/2019,35.57,11.07,2.67,0
7/11/2019,35.17,14.28,3.29,0.000375
7/12/2019,36.29,16.23,1.61,0.342
7/13/2019,36.42,19.93,3.01,0.35225
7/14/2019,36.11,22.93,3.22,0.173375
7/15/2019,36.9,20,2.94,0
7/16/2019,37.51,14.64,3.71,0
7/17/2019,35.38,21.86,3.29,0
7/18/2019,34.93,20.4,3.55,0
7/19/2019,33.33,16.37,3.44,0.001625
7/20/2019,34.86,12.59,3.23,0.00575
7/21/2019,35.1,23.13,3.76,0
7/22/2019,34.8,26.47,3.55,0.650375
7/23/2019,34.15,42.2,3.37,4.54525
7/24/2019,32.32,46.72,2.49,3.8471253
7/25/2019,34.34,37.67,2.71,0.2775
7/26/2019,35.76,28.39,3.34,0.35825
7/27/2019,36.75,21.84,3.43,0.014
7/28/2019,36.41,20.25,3.1,0.001
7/29/2019,36.52,21.6,3.44,0.002875
7/30/2019,34.87,33.77,2.84,1.20275
7/31/2019,29.08,64.29,1.99,10.768499
8/1/2019,33.33,41.83,1.37,0.18312499
8/2/2019,35.87,32.05,2.16,0.00075
8/3/2019,36.01,29.89,2.64,0.00625
8/4/2019,35.27,35.84,2.88,8.8550005
8/5/2019,33.9,34.74,5.15,0.001
8/6/2019,33.7,33.44,2.43,1.141125
8/7/2019,34.07,33.27,2.13,0.27375
8/8/2019,34.92,28.5,2.5,0.245375
8/9/2019,32.63,28.95,2.44,0.28875
8/10/2019,33.73,28.78,2.84,0.088374995
8/11/2019,32.55,41.87,2.54,0
8/12/2019,34.69,18.51,2.07,0.01425
8/13/2019,34.66,13.33,2.44,0
8/14/2019,35.77,12.49,2.66,0.001625
8/15/2019,36.43,11.67,2.77,0
8/16/2019,35.29,20.95,3.36,0
8/17/2019,35.04,22.95,1.85,0
8/18/2019,34.25,17.74,1.86,0.055249996
8/19/2019,34.95,14.31,2.1,0
8/20/2019,36.08,10.66,2.57,0
8/21/2019,36.06,11.05,3.53,0
8/22/2019,34.86,17.57,2.85,0.005125
8/23/2019,33.61,28.66,2.53,0.04225
8/24/2019,33.43,32.49,3.18,0
8/25/2019,33.27,36.04,3.54,0
8/26/2019,34.55,32.3,3.34,0
8/27/2019,35.7,26.66,3.53,0
8/28/2019,35.69,25.38,2.84,0
8/29/2019,32.77,44.75,2.9,8.924125
8/30/2019,34.72,28.66,2.65,0
8/31/2019,34.03,30.07,2.63,0.076
9/1/2019,34.37,32.54,2.3,0.54812497
9/2/2019,32.74,43.73,3.06,2.264125
9/3/2019,34.3,30.54,2.56,0.00775
9/4/2019,35.63,27.51,2.63,0.19412498
9/5/2019,34.98,25.26,2.48,0.03675
9/6/2019,34.52,29.57,2.7,0
9/7/2019,34.45,26.9,3.31,0.00375
9/8/2019,32.24,30.21,3.52,0
9/9/2019,30.95,34.34,2.03,0
9/10/2019,30.06,38.46,3.95,0
9/11/2019,29.42,36.97,2.26,0
9/12/2019,30.9,24.78,2.17,0
9/13/2019,32.87,16.74,2.71,0
9/14/2019,32.04,32.03,3.84,0.27424997
9/15/2019,30.65,39.01,2.04,2.03925
9/16/2019,30.11,41.27,2.82,0.33075
9/17/2019,30.16,46.1,2.4,8.0668745
9/18/2019,30.92,26.9,3,0
9/19/2019,29.85,18.41,3.73,0
9/20/2019,27.4,16.05,3.09,0
9/21/2019,26.9,18.22,2.29,0
9/22/2019,28.29,17.03,2.26,0
9/23/2019,27.18,59.61,1.57,4.3515
9/24/2019,24.05,62.33,2.21,12.37425
9/25/2019,24.98,56.27,2.33,0.35474998
9/26/2019,25.12,62,2.11,2.7652497
9/27/2019,24.7,59.61,1.71,1.043625
9/28/2019,25.79,47.75,2.93,0
9/29/2019,24.6,46.43,3.4,0
9/30/2019,23.73,30.95,2.22,0
10/1/2019,22.54,28.71,2.77,0
10/2/2019,23.76,31.48,2.1,0
10/3/2019,25.1,32.31,2.64,0
10/4/2019,27.33,34.65,2.11,0
10/5/2019,26.74,32.55,2.28,0
10/6/2019,25.64,28.71,2.43,0
10/7/2019,25.9,26.2,3.87,0
10/8/2019,26.82,27.76,2.46,0
10/9/2019,24.75,31.67,3.2,0
10/10/2019,22.18,31.68,2.91,0
10/11/2019,21,17.96,3.97,0
10/12/2019,23.44,25.82,3.5,0
10/13/2019,23.72,27.04,2.19,0
10/14/2019,24.17,38.27,2.07,0
10/15/2019,24.63,33.2,2.11,0
10/16/2019,26.2,22.22,4.4,0
10/17/2019,25.97,26.8,4.9,0.0275
10/18/2019,21.58,32.66,2.91,0.032874998
10/19/2019,21.35,22.75,2.29,0
10/20/2019,21.05,20.77,2.62,0
10/21/2019,20.7,18.05,3.41,0
10/22/2019,22.43,20.28,3.42,0
10/23/2019,23.14,22.11,2.84,0
10/24/2019,20.49,14.83,4.97,0
10/25/2019,19.75,14.87,3.89,0
10/26/2019,20.77,17.22,2.27,0
10/27/2019,20.22,24.71,4.73,0
10/28/2019,16.37,25.64,2.46,0
10/29/2019,14.55,15.62,2.87,0
10/30/2019,12.09,11.47,5.47,0
10/31/2019,14.15,9.68,4.4,0
11/1/2019,16.3,11.68,3.07,0
11/2/2019,19.72,13.62,5.07,0.01525
11/3/2019,21.77,19.03,2.96,0.0215
11/4/2019,21.01,21.73,2.53,0
11/5/2019,22.29,23.74,2.57,0.00825
11/6/2019,22.69,29.68,2.32,2.4045
11/7/2019,21.52,35.21,2.53,0
11/8/2019,22.47,28.26,3.88,0.23600002
11/9/2019,22.17,28.55,3.46,0.07
11/10/2019,22.75,39.11,2.33,0.005125
11/11/2019,21.81,33.98,2.09,0.009375
11/12/2019,19.75,29.07,4.56,0.035749998
11/13/2019,18.21,31.1,2.45,0.003125
11/14/2019,18.88,23.61,2.38,0
11/15/2019,20.23,20.24,3.29,0.005125
11/16/2019,19.02,22.62,2.92,0.030124998
11/17/2019,19.87,21.12,3.43,0
11/18/2019,20.44,16.89,2.81,0
11/19/2019,19.88,45.58,3.9,22.968624
11/20/2019,15.02,86.73,5.64,23.482874
11/21/2019,11.17,82.34,2.43,1.9227499
11/22/2019,12.32,69.95,1.94,0.002875
11/23/2019,13.47,46.13,3.78,0
11/24/2019,14.64,37.4,3.33,0
11/25/2019,12.89,44.89,3.51,0
11/26/2019,8.75,34.32,2.32,0.000375
11/27/2019,11.16,50.73,3.94,0.04075
11/28/2019,14.32,61.73,6.7,2.06325
11/29/2019,9.49,74.62,6.42,18.019875
11/30/2019,8.05,61.18,1.8,0
12/1/2019,9.99,48.63,3.44,0
12/2/2019,11.96,51.37,2.95,0.343875
12/3/2019,13.71,51.23,1.97,0.049624998
12/4/2019,15.71,71.3,2.66,6.0972495
12/5/2019,15.2,68.64,1.3,0.012875
12/6/2019,14.85,59.87,2.31,0.630375
12/7/2019,15.07,60.38,2.55,0.192875
12/8/2019,13.29,88.87,2.03,19.22175
12/9/2019,12.4,75.84,2.35,0.477
12/10/2019,11.35,52.1,2.83,0.00125
12/11/2019,13.33,54.68,2.28,0.004625
12/12/2019,13.03,54.94,2.01,0
12/13/2019,13.94,50.93,1.77,0
12/14/2019,13.96,55.62,2.19,0
12/15/2019,10.37,64.73,3.7,0.034874998
12/16/2019,6.89,43.77,3.43,0
12/17/2019,6.22,36.08,4.59,0
12/18/2019,8.79,31.62,6.16,0.03575
12/19/2019,9.17,41.11,2.86,0.003
12/20/2019,9.61,39.88,3.37,0
12/21/2019,12.15,33.21,3.95,0.052874994
12/22/2019,13.93,34.54,4.11,0.036124997
12/23/2019,13.1,50.26,3.93,0.690125
12/24/2019,11.27,83.97,2.51,12.137876
12/25/2019,8.96,79.88,1.9,2.4575
12/26/2019,9.39,72.41,2.91,0.318375
12/27/2019,7.03,82.57,2.76,5.2872496
12/28/2019,5.51,64.19,3.82,0.009375
12/29/2019,3.91,51.49,2.31,0
12/30/2019,6.31,60,3.67,0.16325
12/31/2019,9.11,57.22,3.76,0.14975
1/1/2020,8.58,58.03,2.52,0.006625
1/2/2020,9.08,52.85,1.86,0.031124998
1/3/2020,8.82,50.27,2.36,0
1/4/2020,10.65,49.74,2.82,0
1/5/2020,11.8,46.87,2.47,0
1/6/2020,10.07,45.87,4.22,0
1/7/2020,12.54,35.32,3.94,0
1/8/2020,11.46,40.34,3.47,0
1/9/2020,10.07,57.39,3.02,0.063
1/10/2020,8.76,53.41,2.14,0.01125
1/11/2020,8.23,40.09,3.02,0.002375
1/12/2020,9.6,42.36,2.27,0
1/13/2020,10.49,43.49,2.14,0
1/14/2020,12.09,42.68,2.37,0
1/15/2020,12.88,42.79,2.42,0.10487499
1/16/2020,12.2,56.93,3.03,0.122875
1/17/2020,10.69,64.12,2.12,0
1/18/2020,11.24,45.35,3.5,0
1/19/2020,14.12,39.27,4.78,0.013999999
1/20/2020,16.11,47.25,4.22,0.183375
1/21/2020,12.82,75.56,2.14,20.002499
1/22/2020,12.49,69.8,1.26,0.015874999
1/23/2020,12.56,53.77,2.61,0
1/24/2020,13.51,50.23,3.3,0.01
1/25/2020,13.97,50.94,1.77,0
1/26/2020,14.73,50.29,2,0
1/27/2020,13.76,49.47,3.12,0.70312494
1/28/2020,12.03,38.5,2.66,0
1/29/2020,11.77,45.72,2.65,0.16337499
1/30/2020,11.7,42.57,3.06,0.031999998
1/31/2020,12.63,37.13,2.4,0
2/1/2020,13.99,41.15,2.94,0
2/2/2020,14.83,42.72,3.76,0
2/3/2020,9.82,45.14,4.59,0
2/4/2020,4.24,38.54,2.49,0.06925
2/5/2020,4.11,38.45,2.78,0.00175
2/6/2020,6.75,40.04,2.34,0
2/7/2020,11.19,41.51,1.76,0
2/8/2020,13.4,41.68,2.02,0
2/9/2020,13.01,52.91,3.73,0.044749998
2/10/2020,14.59,67.78,3.75,0.7909999
2/11/2020,9.58,71.2,2.55,10.641749
2/12/2020,10.17,48.7,1.79,0
2/13/2020,10.9,40.77,2.15,0
2/14/2020,13.23,44.7,2.63,0.0035
2/15/2020,13.89,41.32,1.93,0
2/16/2020,14.64,38.94,1.93,0
2/17/2020,15.72,41.55,1.91,0
2/18/2020,15.8,44.22,2.28,0.044625
2/19/2020,16.8,39.65,2.27,0.009749999
2/20/2020,16.71,36.89,2.96,0
2/21/2020,17.6,41.9,5.87,0.20012501
2/22/2020,14.05,77.89,4.63,33.53425
2/23/2020,11.31,71.77,2.56,0.110375
2/24/2020,12.95,56.14,2.49,0
2/25/2020,10.66,35.89,5.02,0
2/26/2020,10.23,32.34,3.44,0
2/27/2020,13.59,37.78,3.38,0
2/28/2020,16.42,34.44,4.09,0.44712496
2/29/2020,16.76,36.77,2.2,0.014
3/1/2020,14.31,47.09,3.85,0.008749999
3/2/2020,13.07,55.61,3.01,0.001
3/3/2020,14.74,46.29,2.51,0.17787501
3/4/2020,14.31,53.72,2.04,0
3/5/2020,18.21,42.88,3.1,0
3/6/2020,19.72,36.89,5.09,0.000125
3/7/2020,18.53,44.09,3.91,0.036875002
3/8/2020,16.75,47.49,3.26,0.050499998
3/9/2020,16.75,42.48,1.88,0
3/10/2020,18.27,60.64,1.8,3.065875
3/11/2020,17.86,80.05,1.92,31.806376
3/12/2020,16.86,84.58,2.67,9.3645
3/13/2020,14.38,71.03,3.12,8.3654995
3/14/2020,15.15,63.92,2.12,0.34399998
3/15/2020,17.36,55.3,2.06,0
3/16/2020,17.66,54.72,2.34,0
3/17/2020,16.24,58.3,2.65,0.079125
3/18/2020,12.74,74.66,4.52,11.20675
3/19/2020,11.58,66.08,2.8,5.7947493
3/20/2020,13.68,53.13,2.05,0
3/21/2020,15.92,47.77,2.36,0.07275
3/22/2020,16.16,45.54,1.34,0
3/23/2020,16.88,49.53,3.43,0.021625001
3/24/2020,17.68,41.94,1.91,0
3/25/2020,17.89,45.21,2.48,0.00575
3/26/2020,14.24,51.06,3.62,0.230125
3/27/2020,10.15,53.92,4.15,0.011375
3/28/2020,12.62,41.87,2.18,0
3/29/2020,15.51,39.12,3.05,0.096625
3/30/2020,16.24,41.92,2.25,0
3/31/2020,18.36,40.22,2.3,0.181375
4/1/2020,20.06,39.2,2.66,0.30749997
4/2/2020,18.68,41.85,3.87,0
4/3/2020,19.43,41.07,2.31,0
4/4/2020,18.3,42.04,2.91,0
4/5/2020,18.68,41.62,3.52,0
4/6/2020,18.02,44.65,3.84,0
4/7/2020,18.98,43.19,2.65,0
4/8/2020,18.09,45.49,5,0
4/9/2020,15.36,45.82,1.86,0.057875
4/10/2020,16.71,36.46,2.15,0.00025
4/11/2020,14.47,55.84,2.47,1.398375
4/12/2020,15.6,57.22,3.08,0.14837499
4/13/2020,16.67,56.07,3.02,0.044874996
4/14/2020,17.07,36.9,3.45,0
4/15/2020,18.12,26.82,2.81,0
4/16/2020,20.17,26.31,2.36,0
4/17/2020,20.44,31.74,4.28,0.01275
4/18/2020,17.6,42.8,3.55,0
4/19/2020,19.98,39.64,1.85,0.00275
4/20/2020,20.94,37.22,2.77,0.096625
4/21/2020,19.68,43.93,3.52,0
4/22/2020,22.12,35.72,3.03,0
4/23/2020,24.57,30.52,3.72,0
4/24/2020,25.86,31.39,2.93,0
4/25/2020,27.02,25.74,3.2,0
4/26/2020,28,26.23,2.89,0
4/27/2020,27.3,27.73,3.34,0.15825
4/28/2020,27.84,25.33,2.34,0
4/29/2020,28.83,27.24,2.34,0
4/30/2020,28.9,27.55,2.68,0.26025
5/1/2020,28.21,27.92,3.5,0.04625
5/2/2020,26.8,28.12,3.71,0
5/3/2020,25.98,27.53,3.23,0
5/4/2020,26.77,23.59,2.18,0
5/5/2020,28.11,22.53,3.38,0
5/6/2020,29.62,20.71,3.18,0
5/7/2020,29.79,18.67,2.8,0
5/8/2020,29.26,25.17,3.07,0
5/9/2020,30.47,31.64,3.21,0
5/10/2020,28.11,35.58,3.82,1.3139999
5/11/2020,28.09,32.6,4.22,0.004625
5/12/2020,25.52,24.82,3.99,0
5/13/2020,23.73,31.64,3.42,0
5/14/2020,24.25,27.28,2.55,0
5/15/2020,26.02,26.55,2.5,0.007375001
5/16/2020,27.62,24.4,2.57,0
5/17/2020,28.19,24.36,3.03,0
5/18/2020,27.85,23.31,4.12,0
5/19/2020,23.89,23.59,5.13,0
5/20/2020,22.23,19.41,2.06,0
5/21/2020,24.63,14.07,2.13,0
5/22/2020,25.62,15.66,3.05,0
5/23/2020,25.09,19.88,3.43,0
5/24/2020,25.68,18.05,2.84,0.014374999
5/25/2020,27.21,15.06,3.38,0
5/26/2020,29.36,12.23,3.43,0
5/27/2020,31.33,12.16,3.47,0
5/28/2020,32.63,14.15,3.27,0
5/29/2020,34.21,13.25,2.64,0
5/30/2020,33.6,16.6,3.71,0
5/31/2020,33.12,16.27,3.51,0.67574996
6/1/2020,32.82,17.11,2.67,0.000625
6/2/2020,33.21,15.01,2.29,0.079125
6/3/2020,34.13,20.35,2.99,0
6/4/2020,35.23,16.57,2.22,0
6/5/2020,32.84,15.73,3.73,0.329125
6/6/2020,27.34,30.29,4.12,0.23049998
6/7/2020,27.11,23.57,4.46,0
6/8/2020,25.05,12.43,5,0
6/9/2020,25.79,10.83,2.96,0.000375
6/10/2020,30.04,9.18,3.37,0
6/11/2020,32.63,7.85,3.13,0.00075
6/12/2020,32.95,12.71,3.76,0
6/13/2020,31.67,8.42,4.39,0
6/14/2020,30.3,10.19,3.5,0
6/15/2020,31.14,12.08,3.01,0
6/16/2020,31.32,11.7,4.25,0
6/17/2020,30.39,16.84,3.83,0
6/18/2020,30.41,14.74,2.8,0
6/19/2020,30.75,13.18,2.21,0
6/20/2020,31.87,12.59,2.47,0
6/21/2020,32.88,14.04,2.98,0
6/22/2020,33.18,12.41,3.17,0
6/23/2020,33.52,10.33,3.29,0.000375
6/24/2020,34.46,8.82,2.76,0
6/25/2020,34.76,9.71,3.47,0.034375
6/26/2020,34.59,10.26,3.23,0.079624996
6/27/2020,34.26,13.28,3.24,0.00025
6/28/2020,32.28,18.64,4.76,0.00025
6/29/2020,30.29,23.12,5.57,0.012875
6/30/2020,29.7,21.9,3.52,0
7/1/2020,30.83,16.36,3.7,0
7/2/2020,32.3,22.06,3.08,0
7/3/2020,34.03,27.7,2.14,0.006625
7/4/2020,35.42,23.22,2.66,0
7/5/2020,35.54,15.6,3.45,0
7/6/2020,35.4,10.28,3.57,0.000375
7/7/2020,36.2,10.92,2.77,0
7/8/2020,36.14,20.75,3.06,0
7/9/2020,36.04,17.32,2.97,0
7/10/2020,36.14,19.5,4.05,0
7/11/2020,36.71,19.22,4.62,0
7/12/2020,37.91,18.99,3.67,0
7/13/2020,37.06,19.81,4.31,0.022625001
7/14/2020,36,18.73,3.35,0
7/15/2020,35.99,18.16,2.72,0
7/16/2020,36.64,18.09,2.54,0
7/17/2020,36.24,20.21,1.8,0
7/18/2020,36.18,15.98,3.22,0.018375
7/19/2020,35.84,16.54,4.31,0.38687497
7/20/2020,35.35,15.31,3.69,2.5697498
7/21/2020,35.87,19.53,3.13,2.032125
7/22/2020,35.56,31.34,1.99,0.141
7/23/2020,31.46,45.4,3.04,0.666375
7/24/2020,32.51,41.04,1.6,0.17225
7/25/2020,33.23,35.11,1.95,2.4345002
7/26/2020,35.39,24.69,1.82,0
7/27/2020,35.69,23.29,2.27,0
7/28/2020,36.94,26.09,2.81,0
7/29/2020,36.85,16.11,3.01,0
7/30/2020,38.32,15.11,3.67,0
7/31/2020,38.07,14.94,3.42,0
8/1/2020,36.51,27.39,3.25,0
8/2/2020,36.42,27.96,3.4,0.134125
8/3/2020,36.86,21.93,3.32,0
8/4/2020,35.73,20.41,2.98,0.00825
8/5/2020,35.22,16.55,3.61,0.07975
8/6/2020,34.25,14.04,3.22,0
8/7/2020,35.21,15.09,2.11,0
8/8/2020,35.8,13.21,2.52,0
8/9/2020,35.68,13.09,2.71,0
8/10/2020,35.89,11.64,3,0
8/11/2020,35.06,21.37,2.91,0
8/12/2020,35.9,22.56,2.64,0.000625
8/13/2020,37.42,18.33,2.35,0.00525
8/14/2020,36.98,17.43,3.72,0
8/15/2020,36.99,21.38,3.28,0
8/16/2020,37.46,20.44,2.85,0.012374999
8/17/2020,37.62,27.57,2.33,0.341875
8/18/2020,37.73,19.22,3.04,0.9014999
8/19/2020,37.69,21.37,2.72,1.571
8/20/2020,34.44,28.05,3.49,1.341625
8/21/2020,31.87,44.39,3.24,12.893
8/22/2020,32.28,39.38,3.01,0.70225
8/23/2020,35.03,31.65,2.31,0.55162495
8/24/2020,36.26,26.79,2.12,0.003625
8/25/2020,36.34,27.57,3.76,0.023875
8/26/2020,36.67,24.98,2.17,0.000125
8/27/2020,36.73,23.93,2.13,0
8/28/2020,36.49,24.27,3.16,0.45787495
8/29/2020,34.48,31.84,2.53,0.2805
8/30/2020,31.77,57.34,2.37,1.9417499
8/31/2020,30.61,52.47,2.75,1.859
9/1/2020,31.67,39.37,3.56,0.060499996
9/2/2020,31.58,34.56,2.58,0
9/3/2020,33.23,27.35,2.35,0
9/4/2020,35.74,18.29,2.43,0
9/5/2020,37.29,17.95,3.98,0
9/6/2020,36.49,18.69,2.95,0
9/7/2020,34.18,24.52,3.58,0
9/8/2020,29.72,31.81,4.5,0.094124995
9/9/2020,24.58,16.94,2.28,0.1225
9/10/2020,25.32,19.73,2.63,0
9/11/2020,26.89,23.34,2.7,0.024
9/12/2020,29.02,22.09,2.91,0.144625
9/13/2020,30.97,22.79,3.05,0
9/14/2020,32.03,20.74,3.2,0
9/15/2020,31.73,24.34,3.13,0
9/16/2020,32.3,13.92,3.01,0
9/17/2020,33.14,13.48,3.18,0
9/18/2020,32.64,16.82,3.2,0
9/19/2020,32.36,19.97,3.59,0.0015
9/20/2020,31.87,18.38,2.97,0
9/21/2020,32.17,19.53,2.48,0
9/22/2020,31.72,23.66,1.84,2.176125
9/23/2020,31.5,19.41,2.46,0
9/24/2020,31.4,16.7,2.55,0
9/25/2020,31.53,16.65,2.51,0
9/26/2020,30.73,16.18,2.73,0
9/27/2020,30.81,15.04,2.18,0
9/28/2020,30.72,15.78,2.21,0
9/29/2020,30.14,13.76,3.79,0
9/30/2020,30.41,11.61,2.96,0
10/1/2020,30.36,8.5,3.47,0.009125
10/2/2020,30.26,7.74,3.9,0
10/3/2020,29.51,8.01,2.69,0
10/4/2020,29.82,9.4,2.81,0
10/5/2020,30.4,10.73,3.14,0
10/6/2020,30.68,9.83,2.33,0
10/7/2020,29.17,8.53,2.97,0
10/8/2020,29.38,14.37,2.4,0
10/9/2020,28.63,17.63,2.42,0
10/10/2020,26.5,19.06,2.8,0
10/11/2020,26.31,23.14,2.14,0
10/12/2020,27.17,17.78,2.58,0
10/13/2020,28.42,13.21,2.67,0
10/14/2020,27.49,10.66,3.13,0
10/15/2020,27.19,17.36,2.67,0
10/16/2020,28.6,11.5,3.8,0
10/17/2020,26.86,14.49,2.91,0.0045
10/18/2020,26.2,10.82,2.33,0
10/19/2020,26.34,12.99,2.61,0
10/20/2020,26.26,12.7,2.58,0
10/21/2020,25.85,12.41,2.59,0
10/22/2020,26.29,21.4,2.05,0
10/23/2020,26.38,24.72,1.98,0
10/24/2020,24.41,30.07,1.87,0.100625
10/25/2020,22.86,42.25,4.33,0.82275
10/26/2020,15.93,38.01,3.58,0.039875
10/27/2020,12.51,26.78,3.39,0.02225
10/28/2020,13.82,21.95,2.51,0
10/29/2020,18.71,22.63,3.74,0.021125
10/30/2020,21.58,23.25,3.22,0.004125
10/31/2020,22.32,20.36,2.62,0.278125
11/1/2020,26.01,20.05,5.46,0.26475
11/2/2020,25.7,18.06,4.73,0.1325
11/3/2020,24.96,21.16,3.89,0.046875
11/4/2020,24.45,20.77,2.2,0.002875
11/5/2020,26.32,17.22,5.06,0
11/6/2020,26.05,15.21,4.45,1.5044999
11/7/2020,19.18,33.18,5.89,4.666125
11/8/2020,13.88,49.34,4.29,0
11/9/2020,11.43,49.51,2.12,0.1655
11/10/2020,11.51,27.15,2.37,0.005125
11/11/2020,12.83,23.07,2.5,0
11/12/2020,14.82,19.54,1.87,0.14
11/13/2020,16.42,20.92,2.19,0.024
11/14/2020,16.55,20.61,1.6,0.00675
11/15/2020,17.12,15.97,3.28,0
11/16/2020,21.48,17.93,4.47,0.005875
11/17/2020,22.94,15.9,3.34,0
11/18/2020,22.5,23.82,2.85,0.0925
11/19/2020,22.56,24.78,1.93,0.065249994
11/20/2020,22.69,26.21,2.48,0.078499995
11/21/2020,22.49,33.11,2.27,0.092125
11/22/2020,20.87,30.76,2.13,0.1605
11/23/2020,18.11,30.74,3.37,0.70737493
11/24/2020,14.91,29.49,2.04,0
11/25/2020,13.71,22.22,2.36,0.011
11/26/2020,13.53,22.28,2.26,0
11/27/2020,10.97,31.48,1.52,0.004875
11/28/2020,12.24,31.65,3.13,0
11/29/2020,13.56,23.31,3.63,0
11/30/2020,14.51,22.73,4.07,0.001125
12/1/2020,13.15,20.21,2.64,0
12/2/2020,10.96,18.59,4.66,0
12/3/2020,10.29,23,3.93,0
12/4/2020,9.73,16.94,3.33,0.010374999
12/5/2020,11.84,18.45,3.44,0
12/6/2020,13.46,21.13,3.08,0
12/7/2020,15.44,15.79,5.14,0
12/8/2020,17.21,14,4.57,0.002375
12/9/2020,17.4,14.82,3.32,0
12/10/2020,11.14,75.9,2.09,24.635998
12/11/2020,11.53,71.94,2.03,0.0915
12/12/2020,11.01,54.81,3.61,0.00825
12/13/2020,7.43,30.78,3.32,0
12/14/2020,8.92,35.32,4.18,0
12/15/2020,8.23,39.99,2.5,0
12/16/2020,8.5,33.12,2.97,0
12/17/2020,10.28,34.43,2.9,0.442
12/18/2020,10.95,36.33,1.65,0.033
12/19/2020,9.99,35.59,3.09,
12/20/2020,11.13,32.15,3.48,0
12/21/2020,14.17,27.54,3.57,
12/22/2020,12.72,27.56,2.54,
12/23/2020,10.98,23.3,3.37,
12/24/2020,9.14,19.14,4.13,
12/25/2020,12.03,21.47,2.63,
12/26/2020,12.51,26.99,2.35,
12/27/2020,13.72,33.38,2.75,0.0175
12/28/2020,11.88,42.88,4.12,1.0424999
12/29/2020,9.65,51.48,2.04,0.09612501
12/30/2020,8.13,30,3.33,0
12/31/2020,7.52,25.47,3.33,0
1/1/2021,9.72,32.3,2.66,0
1/2/2021,9.89,31.92,2.25,0.003625
1/3/2021,10.34,31.92,1.98,0.051374994
1/4/2021,11.81,29.74,2.46,0.007875
1/5/2021,12.95,28.45,2.57,0.094375
1/6/2021,12.12,22.31,3.07,0
1/7/2021,12.99,18.97,2.63,0.02575
1/8/2021,13.28,19.57,2.26,0
1/9/2021,10.34,24.9,3.24,0
1/10/2021,9.68,30.68,2.83,0.0125
1/11/2021,10.89,27.66,2.87,0.005625
1/12/2021,9.22,21.18,2.79,0.00675
1/13/2021,10.54,14.16,2.86,0.006625
1/14/2021,13.51,20.71,2.75,0.03525
1/15/2021,15.37,14.98,2.88,0.00075
1/16/2021,15.05,19.06,2.99,0.043250002
1/17/2021,14.25,19.66,3,0.05075
1/18/2021,14.4,13.57,2.44,0
1/19/2021,14.53,34.64,4.73,7.31125
1/20/2021,15.93,40.44,5.02,1.4124999
1/21/2021,14.69,60.43,2.63,0.52225
1/22/2021,13.67,68.85,2.61,0.007625
1/23/2021,11.63,73.41,2.45,0.18724999
1/24/2021,7.82,80.1,3.33,3.0695002
1/25/2021,6.49,82.99,4.93,9.634625
1/26/2021,4.95,69.13,3.76,1.315875
1/27/2021,7.02,49.59,4.29,0
1/28/2021,11.53,37.25,4.77,0.21987501
1/29/2021,11.49,60.43,4.39,4.9813747
1/30/2021,9.57,64.52,2.4,2.5588748
1/31/2021,12.91,36,4.11,0
2/1/2021,15.64,36.95,3.93,0.91937506
2/2/2021,19.44,39.23,2.38,3.5901248
2/3/2021,18.6,43.92,2.68,1.476375
2/4/2021,14.89,37.03,2.56,0.092625
2/5/2021,11.72,34.2,2.87,0
2/6/2021,12.67,32.05,2.74,0
2/7/2021,13.68,27.71,2.04,0
2/8/2021,14.71,26.9,2.2,0
2/9/2021,14.84,31.13,2.14,0
2/10/2021,15.94,34.35,1.81,0.790625
2/11/2021,15.5,33.26,2.19,0
2/12/2021,14.88,44.14,3.22,0.636875
2/13/2021,12.69,54.51,4.54,0.075
2/14/2021,10.86,48.13,2.77,0.70237494
2/15/2021,10.23,38.05,2.7,0.0005
2/16/2021,11.99,37.78,3.93,0.106625
2/17/2021,10.45,31.64,3.59,0
2/18/2021,9.54,28.87,2.88,0
2/19/2021,12.18,25.31,2.5,0
2/20/2021,13.5,28.77,4.36,0
2/21/2021,12.1,31.18,2.87,0
2/22/2021,13.6,26.64,3.34,0
2/23/2021,15.85,25.19,2.81,0
2/24/2021,15.94,25.18,2.72,0
2/25/2021,13.2,26.65,2.27,0
2/26/2021,12.12,25.21,2.09,0
2/27/2021,11.96,25.21,3.2,0
2/28/2021,8.28,24.7,5.29,0
3/1/2021,11.02,22.52,2.64,0.006
3/2/2021,14.88,23.27,4.17,0
3/3/2021,15.62,28.49,6.35,0
3/4/2021,13.89,52.74,1.94,0.00625
3/5/2021,17.29,30.1,2.87,0
3/6/2021,20.26,22.99,5.01,0
3/7/2021,19.83,24.29,3.24,0.0045
3/8/2021,20.07,25.1,3.72,1.5631249
3/9/2021,17.8,28.25,4.67,11.267624
3/10/2021,12.22,39.19,3.7,0.003625
3/11/2021,12.82,40.77,2.48,0.012124999
3/12/2021,10.27,50.69,1.77,2.5762498
3/13/2021,9.09,59.88,3.04,2.044
3/14/2021,10.48,53.15,3.23,0.526
3/15/2021,13.84,40.08,3.67,0.0565
3/16/2021,9.24,48.91,3.32,0.655
3/17/2021,13.1,36.22,2.13,0
3/18/2021,17.28,29.56,2.58,0.008874999
3/19/2021,19.7,20.34,2.07,0
3/20/2021,20.16,26.23,3.45,0
3/21/2021,16.73,23.52,3.61,0
3/22/2021,13.78,24.8,3.72,0.038374998
3/23/2021,12.93,37.71,3.23,0.69224995
3/24/2021,13.59,42.97,2.53,0.603625
3/25/2021,13.4,30.11,4.88,0.117125
3/26/2021,12.58,51.02,3.26,0.17112501
3/27/2021,16.13,36.29,2.52,0
3/28/2021,19.82,20.27,3.18,0
3/29/2021,20.96,20.48,3.59,0
3/30/2021,20.08,17.74,2.91,0.000125
3/31/2021,20.71,10.84,4.32,0
4/1/2021,24.29,13.92,6.71,0
4/2/2021,24.83,16.09,3.1,0.047624998
4/3/2021,25.97,19.91,2.27,0
4/4/2021,26.27,13,2.74,0
4/5/2021,25.74,11.15,3.72,0.00325
4/6/2021,23.37,18.68,3.89,0.026999999
4/7/2021,23.12,10.71,3.33,0
4/8/2021,24.08,16.11,3.75,0
4/9/2021,24.11,11.74,3.1,0.01
4/10/2021,24.52,10.09,3.16,0
4/11/2021,25.04,14.7,2.3,0
4/12/2021,25.04,18.85,2.8,0.00125
4/13/2021,23.11,21.51,3.49,0.017749999
4/14/2021,21.51,21.57,4.16,0.04
4/15/2021,20.53,16.92,3.81,0.026375
4/16/2021,20.92,12.23,2.77,0.044125002
4/17/2021,21.52,12.9,2.89,0
4/18/2021,20.93,23.88,4.82,0.014374999
4/19/2021,21.74,21.42,3.6,0
4/20/2021,23.96,10.42,3,0
4/21/2021,22.64,14.44,6.27,0
4/22/2021,20.18,31.97,3.76,0
4/23/2021,21,30.2,3.78,0.11112499
4/24/2021,23.36,18.63,3.44,0
4/25/2021,24.59,16.68,3.78,0
4/26/2021,20.02,24.45,4.95,0.054874998
4/27/2021,17.56,37.88,2.67,1.6784999
4/28/2021,18.89,29.34,1.71,0.154625
4/29/2021,23.82,24.9,2.46,0.049
4/30/2021,26.93,16.3,3.45,0
5/1/2021,27.3,16.78,4.21,0.048999995
5/2/2021,25.15,17.47,5.04,0.006375
5/3/2021,23.41,23.47,3.26,0
5/4/2021,25.62,12.84,2.62,0
5/5/2021,28.41,10.92,2.04,0
5/6/2021,28.44,15.14,2.81,0.001875
5/7/2021,27.25,17.48,3.29,0
5/8/2021,25.89,15.88,2.73,0
5/9/2021,25.78,17.56,3.3,0
5/10/2021,25.55,11.57,3.18,0
5/11/2021,26.34,12.46,2.25,0
5/12/2021,28.47,9.13,2.08,0
5/13/2021,28.69,9.24,2.88,0
5/14/2021,29.05,10.14,3.18,0
5/15/2021,27.15,10.33,3.97,
5/16/2021,24.42,19.16,4.31,0
5/17/2021,23.91,26.46,2.92,0.013624999
5/18/2021,26.6,21.79,3.89,
5/19/2021,28.4,20.33,4.16,
5/20/2021,27.94,17.04,5.29,0
5/21/2021,23.25,20.98,5.3,6.4676247
5/22/2021,20.98,15.01,4.36,
5/23/2021,22.2,9.83,2.58,
5/24/2021,25.34,6.91,2.49,
5/25/2021,27.31,8,2.7,
5/26/2021,28.11,10.44,2.27,
5/27/2021,28.4,11.63,2.11,0.005
5/28/2021,29.55,9.73,2.41,0
5/29/2021,29.1,9.98,3.5,0.002
5/30/2021,29.21,15.01,2.8,0
5/31/2021,29.65,14.35,2.71,0
6/1/2021,30.54,14.03,2.91,0
6/2/2021,31.62,17.78,3.62,0
6/3/2021,32.35,12.23,3.87,0.00175
6/4/2021,32.62,10.87,3.93,0
6/5/2021,32.3,8.76,4.4,0.002
6/6/2021,31.15,11.31,3.75,0.001375
6/7/2021,30.07,15.01,3.8,0
6/8/2021,28.65,18.78,3.34,0
6/9/2021,30.86,12.87,2.84,0.019624999
6/10/2021,29.9,13.14,3.01,0.001375
6/11/2021,31.03,5.34,2.34,0
6/12/2021,33.43,3.76,2.44,0.002
6/13/2021,35.45,4.31,3.02,0
6/14/2021,36.45,6.27,3.29,0
6/15/2021,37.18,11.78,3.23,0.007999999
6/16/2021,37.63,16.12,2.47,0.31124997
6/17/2021,38.97,11.03,3.04,0.15075
6/18/2021,38.07,10.33,3.24,0
6/19/2021,37.2,13.38,4.03,0
6/20/2021,36.22,15.44,4.99,0
6/21/2021,34.02,19.55,3.97,0
6/22/2021,34.26,18.41,3.59,0.013874998
6/23/2021,32.77,25.84,2.75,12.244374
6/24/2021,33.49,29.56,2.53,0
6/25/2021,34.19,20.02,3.01,0
6/26/2021,35.01,13.23,2.75,0
6/27/2021,36.89,13.24,2.44,0
6/28/2021,35.61,21.47,4.32,0
6/29/2021,34.03,25.43,4.46,0.008874999
6/30/2021,34.05,28.32,3.61,0.017625
7/1/2021,34.53,33.95,1.87,0.000625
7/2/2021,34.52,33,2.5,1.31725
7/3/2021,34.58,37.92,2.56,0.20562501
7/4/2021,29.64,59.19,2.51,9.717999
7/5/2021,33.68,35.33,2.73,0.022
7/6/2021,34.73,22.66,3.07,0
7/7/2021,35.69,18.56,2.62,0
7/8/2021,37.27,23.56,2.14,0
7/9/2021,37.44,24.87,3.29,0
7/10/2021,36.26,27.74,3.26,0.447375
7/11/2021,35.64,35.72,3.34,4.5353746
7/12/2021,35,28.54,2.59,0
7/13/2021,35.97,34.73,1.64,3.5371246
7/14/2021,32.04,49.57,2.34,12.832126
7/15/2021,32.69,48.46,2.74,0.023
7/16/2021,32.44,46.92,2.83,2.112875
7/17/2021,31.04,49.92,2.12,1.9591249
7/18/2021,32.56,42.23,1.79,0.81075
7/19/2021,32.9,41.82,2.17,1.01725
7/20/2021,31.77,41.76,2.9,0.29912502
7/21/2021,32.93,47.24,2.48,0.18249999
7/22/2021,32.1,49.48,2.81,3.53575
7/23/2021,25.9,77.33,2.2,41.109253
7/24/2021,24.8,79.36,2.33,3.1252499
7/25/2021,25.84,78.04,2.57,4.64375
7/26/2021,29.9,55.38,1.69,0.000375
7/27/2021,32.29,42.35,2.19,0.000125
7/28/2021,32.88,39.55,1.86,0.00275
7/29/2021,34.09,34.42,2.14,0.945875
7/30/2021,31.99,45.2,3.37,0.471375
7/31/2021,30.78,53.69,2.14,3.2634997
8/1/2021,33.24,39.32,1.48,0.005375
8/2/2021,34.78,37.65,2.27,0.024625
8/3/2021,35.21,34.17,2.9,0
8/4/2021,36.36,25.27,2.3,0
8/5/2021,35.12,33.97,2.24,0
8/6/2021,34.31,35.11,2.66,0
8/7/2021,33.98,32.43,2.83,0
8/8/2021,33.37,34.19,2.92,0
8/9/2021,30.69,47.75,2.34,2.8322499
8/10/2021,29.75,57.48,1.64,11.6265
8/11/2021,29.52,56.43,1.27,2.23675
8/12/2021,29.73,58.96,1.24,5.57475
8/13/2021,30.16,55.6,1.99,0
8/14/2021,29.48,61.88,1.93,35.483875
8/15/2021,29.63,61.79,1.87,1.7235
8/16/2021,30.87,53.24,2.14,1.07575
8/17/2021,29.49,58.5,2.2,8.576625
8/18/2021,27.23,64.89,3.63,5.266
8/19/2021,28.25,53.07,3.5,1.772125
8/20/2021,30.08,38.43,1.81,0
8/21/2021,31.07,39.22,1.99,0
8/22/2021,31.98,36.59,1.7,0
8/23/2021,32.22,27.54,2.24,0
8/24/2021,32.66,28.13,1.87,0
8/25/2021,34.03,31.11,2.27,0
8/26/2021,35.43,28.59,2.03,0
8/27/2021,34.98,33.68,3.58,0
8/28/2021,33.11,38.4,3.24,0.13649999
8/29/2021,33.06,38.87,2.71,2.4536252
8/30/2021,33.18,40.73,2.65,0.496375
8/31/2021,29.36,53.07,2.18,2.1924999
9/1/2021,27.7,66.29,2.15,4.1535
9/2/2021,29.05,55.8,1.24,3.501
9/3/2021,31.17,42.64,1.89,0
9/4/2021,32.28,35.11,1.48,0
9/5/2021,32.91,39.04,2.39,0
9/6/2021,31.75,43.67,2.35,0
9/7/2021,32.18,41.7,2.57,0
9/8/2021,32.39,37.65,1.63,0
9/9/2021,33.77,32.2,3.69,0
9/10/2021,33,31.38,2.54,0
9/11/2021,33.53,32.21,1.63,0
9/12/2021,33.85,26.85,1.86,0
9/13/2021,32.99,26.27,2.26,0
9/14/2021,31.6,28.54,2.61,0
9/15/2021,31.29,26.65,2.54,0
9/16/2021,31.95,25.89,2.13,0
9/17/2021,31.05,32.3,2.29,0.108124994
9/18/2021,30.21,41.82,2.32,1.079875
9/19/2021,29.88,45.76,2.45,0.066750005
9/20/2021,28.91,25.95,1.77,0
9/21/2021,28.6,24.01,2.82,0
9/22/2021,29.83,29.07,3.5,0
9/23/2021,29.05,31.51,2.47,0
9/24/2021,27.19,41.32,2.07,2.938125
9/25/2021,27.56,45.41,1.95,1.0973749
9/26/2021,23.09,71.23,2.36,9.95625
9/27/2021,23.44,58.63,2.1,0.293125
9/28/2021,25.54,52.62,3.1,0.147875
9/29/2021,23.92,52.46,2.56,0.07224999
9/30/2021,24.32,51.82,1.68,0.024249999
10/1/2021,24.41,38.14,2.55,0.82299995
10/2/2021,24.85,34.88,2.68,0
10/3/2021,26.91,34.9,2.6,0.00025
10/4/2021,27.75,36.54,3.32,0.15
10/5/2021,25.57,56.12,2.45,9.6495
10/6/2021,25.1,53.66,1.99,0.89162505
10/7/2021,26.07,37.92,2.18,0.112
10/8/2021,25.74,38.84,2.99,0.10899999
10/9/2021,22.56,35.8,2.88,0.18649998
10/10/2021,20.7,31.89,2.09,0
10/11/2021,21.34,32.33,5.96,0
10/12/2021,15.66,35.51,3.88,0.16174999
10/13/2021,16.31,32.83,2.07,0
10/14/2021,17.78,29.26,2.06,0
10/15/2021,18.85,24.87,4.24,0
10/16/2021,22.4,26.11,5.32,0
10/17/2021,22.57,31.65,4.31,0.00025
10/18/2021,20.41,41.2,4.26,0
10/19/2021,19.53,40.37,1.56,0
10/20/2021,21,37.08,2.27,0
10/21/2021,22.22,30.3,2.63,0
10/22/2021,23.85,25.71,1.96,0.00025
10/23/2021,22.25,26.99,2.11,0.056124996
10/24/2021,21.75,35.43,2.43,0.0465
10/25/2021,22.83,38.65,3.79,0.001875
10/26/2021,17.55,45.16,3.96,0.005875
10/27/2021,17.77,29.73,2.27,0
10/28/2021,20.65,31.3,2.9,0.014999999
10/29/2021,23.59,26.34,3.77,0
10/30/2021,22.73,25.7,2.08,0
10/31/2021,22.58,27.73,2.17,0.001875
11/1/2021,22.24,27.52,1.7,0.014625
11/2/2021,21.07,28.56,2.05,0.0015
11/3/2021,21.09,28.87,2.61,0
11/4/2021,22.33,26.24,3.31,0
11/5/2021,23.13,26.56,2.8,0
11/6/2021,23.2,22.21,2.37,0
11/7/2021,22.06,23.16,2.38,0.015874999
11/8/2021,21.86,24.59,2.63,0
11/9/2021,20.78,26.43,1.75,0
11/10/2021,20.57,27.4,2.07,0
11/11/2021,19.69,25.96,3.71,0
11/12/2021,21.19,24.18,4.01,0
11/13/2021,21.69,23.18,3.3,0
11/14/2021,21.66,23.85,3.36,0
11/15/2021,21.34,20.42,2.85,0
11/16/2021,20.15,18.03,2.57,0.13487498
11/17/2021,18.35,21.02,2,0.023875
11/18/2021,18.4,23.11,4.65,0
11/19/2021,19.77,20.88,3.33,0.004375
11/20/2021,19.44,21.83,1.98,0.030000001
11/21/2021,19.67,22.3,4.34,0.023999998
11/22/2021,18.78,24.34,4.96,0.00425
11/23/2021,19.54,32.72,2.82,3.9532502
11/24/2021,16.99,43.65,2.04,0.81837493
11/25/2021,16.55,22.73,4.69,0
11/26/2021,16.76,33.2,3.55,0.007999999
11/27/2021,16.52,29.93,2.71,0.0085
11/28/2021,17.85,23.58,3.23,0.021375
11/29/2021,18.86,23.8,3.09,0.0125
11/30/2021,18.66,27.21,3.23,0
12/1/2021,19.65,22.61,3.65,0
12/2/2021,20.69,23.78,2.49,0.0025
12/3/2021,19.47,28.99,1.7,0
12/4/2021,18.33,30.69,1.92,0
12/5/2021,16.85,29.51,2.27,0
12/6/2021,16.67,25.78,2.58,0
12/7/2021,15.67,28.48,2.39,0.159
12/8/2021,15.91,39.93,2.5,0.084874995
12/9/2021,15.01,58.73,3.86,0.089625
12/10/2021,12.19,66.95,2.56,8.561625
12/11/2021,10.59,32.4,3.35,0.30175
12/12/2021,13.55,34.32,3.08,0
12/13/2021,13.93,45.69,2.45,0.016875003
12/14/2021,14.97,57.76,4.48,2.53125
12/15/2021,9.36,49.93,2.04,0.22362499
12/16/2021,8.68,42.62,2.18,0
12/17/2021,8.39,45.08,2.16,0.00125
12/18/2021,8.29,33.41,3.83,0
12/19/2021,11.6,34.54,3.19,0
12/20/2021,12.63,43.13,2.66,0
12/21/2021,13.77,39.43,2.37,0.44425002
12/22/2021,14.59,34.24,1.87,0.044375
12/23/2021,16.65,36.47,2.67,3.9989998
12/24/2021,13.43,78.14,2.78,29.127874
12/25/2021,12.51,76.64,1.86,0.96299994
12/26/2021,12.38,66.66,1.77,3.3196247
12/27/2021,9.98,64.83,2.24,0.44437504
12/28/2021,7.98,74.84,2.98,0.214625
12/29/2021,8.82,73.28,2.25,0.56712496
12/30/2021,9.61,74.88,2.05,0.013499999
12/31/2021,11.16,86.17,3.28,2.77225
1/1/2022,7.59,62.81,4.88,2.2246249
1/2/2022,5.73,38.05,3.4,0
1/3/2022,9,36.15,2.84,0
1/4/2022,9.82,38.23,2.28,0
1/5/2022,11.1,37.21,1.95,0
1/6/2022,11.58,48.57,2.1,0
1/7/2022,13.41,47.44,2.22,0
1/8/2022,12.7,57.26,2.23,0.051125
1/9/2022,12.85,47.9,4.18,0
1/10/2022,13.39,41.34,4.95,0
1/11/2022,13.19,42.39,3.39,0.000875
1/12/2022,12.2,34.68,3.92,0
1/13/2022,13.48,38.29,2.91,0
1/14/2022,13.5,39.17,2.02,0.23787498
1/15/2022,12.27,39.12,4.28,0.0655
1/16/2022,13.5,35.35,2.65,0.056
1/17/2022,12.46,37.02,2.28,0.24200001
1/18/2022,13.69,49.46,1.6,0.25187498
1/19/2022,13.3,58.46,1.65,0.004875
1/20/2022,12.36,44.36,2.98,0
1/21/2022,11.81,43.73,3.27,0
1/22/2022,12.73,49.01,4.56,1.052625
1/23/2022,12.7,54.11,3.36,4.9676247
1/24/2022,11.99,41.56,2.26,0.009749999
1/25/2022,11.04,43.1,2.59,0
1/26/2022,10.45,41.84,2.86,0
1/27/2022,10.48,34.76,2.7,0
1/28/2022,11.13,33.4,4.76,0
1/29/2022,13.13,34.84,4.01,0
1/30/2022,14.45,39.31,2.33,0.711125
1/31/2022,13.9,33.83,1.86,0.01575
2/1/2022,13.07,33.58,1.92,0.088
2/2/2022,9.76,36.16,2.94,0.001125
2/3/2022,5.84,30.53,2.75,0
2/4/2022,7.56,30.61,3.67,0
2/5/2022,9.01,31.73,3.07,0
2/6/2022,10.09,34.59,3.86,0
2/7/2022,12.43,31.98,3.85,0
2/8/2022,12.99,33.87,3.52,0
2/9/2022,14.57,29.61,3.61,0
2/10/2022,16.06,34.11,3.34,0
2/11/2022,16.29,34.94,3.26,0
2/12/2022,16.54,26.46,3.66,0
2/13/2022,16.85,24.41,2.9,0
2/14/2022,17.61,23.53,2.29,0
2/15/2022,14.9,31.48,4.01,0.003
2/16/2022,10.14,57.77,3.06,1.562
2/17/2022,10.93,37.59,2.08,0.148125
2/18/2022,11.36,30.29,3.01,0
2/19/2022,15,29.88,3.97,0
2/20/2022,14.29,31.85,3.3,0.005625
2/21/2022,12.9,43.5,4.46,0.069749996
2/22/2022,10.83,55.24,3.71,0
2/23/2022,6.73,76.8,3.82,6.636
2/24/2022,6.09,55.98,2.13,0
2/25/2022,9.6,34.37,2.23,0.00625
2/26/2022,11.07,32.91,2.39,0
2/27/2022,12.16,28.55,3.74,0.00675
2/28/2022,15.1,29.33,4.53,0.19000001
3/1/2022,17.41,26.08,3.6,0
3/2/2022,18.96,27.15,3.55,0
3/3/2022,19.68,28.77,3.4,0
3/4/2022,14.76,48.9,4.74,1.637625
3/5/2022,12.52,52.18,4.32,0.0275
3/6/2022,10.19,47.48,2.28,0
3/7/2022,11.39,35.72,3.14,0
3/8/2022,10.52,28.96,2.87,0.00575
3/9/2022,12.16,27.26,2.75,0.034874998
3/10/2022,12.76,34.95,3.97,0.081375
3/11/2022,11.73,30.31,2.8,0.120124996
3/12/2022,14.27,25.8,3.32,0
3/13/2022,15.67,26.65,3.4,0
3/14/2022,17.9,24.15,2.15,0
3/15/2022,19.54,24.58,2.82,0
3/16/2022,19.7,26.3,3.99,0.007499999
3/17/2022,17.81,28.8,2.8,0
3/18/2022,18.4,21.61,2.64,0
3/19/2022,18.29,21.01,2.8,0.005750001
3/20/2022,16.15,37.35,4.04,0.3645
3/21/2022,15.79,31.77,3.45,0.081374995
3/22/2022,16.91,25.36,3.52,0
3/23/2022,16.74,21.17,3.69,0
3/24/2022,19.58,18.74,2.5,0
3/25/2022,23.43,21.97,2.72,0
3/26/2022,24.58,21.05,2.39,0.27325
3/27/2022,23.09,18.09,3.13,0
3/28/2022,19.2,32.3,4.48,4.220375
3/29/2022,14.98,56.28,3.85,6.092625
3/30/2022,17.29,40.67,2.86,0.058999997
3/31/2022,19.84,31.43,1.91,0
4/1/2022,21.72,25.32,1.59,0.01125
4/2/2022,22.28,25.95,1.99,0
4/3/2022,21.15,32,2.5,0
4/4/2022,21.53,30.46,3.1,0.026499998
4/5/2022,23.1,27.91,3.5,0.003375
4/6/2022,23.89,19.51,3.6,0
4/7/2022,23.08,14.18,4.63,0
4/8/2022,24.88,13.56,3.31,0
4/9/2022,24.21,14.62,4.94,0
4/10/2022,22.33,23.08,4.2,0.011375
4/11/2022,21.04,31.03,4.92,0
4/12/2022,16.81,29.95,5.72,0.016125
4/13/2022,15.53,13.5,2.85,0
4/14/2022,19.29,11.01,2.38,0
4/15/2022,21.91,12.8,2.62,0
4/16/2022,23.16,14.99,3.37,0
4/17/2022,23.82,17.54,2.07,0
4/18/2022,25.29,12.53,3.1,0
4/19/2022,25.87,9.98,4.07,0.00475
4/20/2022,22.81,21.24,3.88,0
4/21/2022,24.79,18.4,3.16,0
4/22/2022,19.75,26.75,5.76,0
4/23/2022,19.34,18.93,2.69,0
4/24/2022,21.02,12.31,3.4,0
4/25/2022,23.3,11.13,3.56,0
4/26/2022,25.94,12.96,4.4,0
4/27/2022,24.83,11.87,3.76,0.000375
4/28/2022,23.9,15.18,3.93,0
4/29/2022,23.13,15.43,2.99,0
4/30/2022,24.98,9.89,2.91,0
5/1/2022,25.21,13.4,4.91,0
5/2/2022,24.77,15.89,2.97,0.001125
5/3/2022,24.6,20.15,3.7,0
5/4/2022,24.23,16.55,2.98,0
5/5/2022,26.09,11.38,3.2,0
5/6/2022,27.75,10.75,2.71,0
5/7/2022,28.09,13.88,4.53,0
5/8/2022,25.48,17.74,5.58,0
5/9/2022,22.91,22.83,3.9,0
5/10/2022,24.06,16.16,2.99,0
5/11/2022,22.69,12.82,3.96,0
5/12/2022,21.61,7.2,2.75,0
5/13/2022,25.59,5.84,2.27,0
5/14/2022,29.39,5.56,2.65,0
5/15/2022,30.39,4.54,3.12,0
5/16/2022,29.84,7.61,3.2,0
5/17/2022,29.37,12.59,2.59,0
5/18/2022,29.13,15.43,2.68,0
5/19/2022,28.17,13.89,3.45,0
5/20/2022,26.67,19.38,5.12,0
5/21/2022,26.02,28.85,3.61,0
5/22/2022,26.66,18.53,3.16,0
5/23/2022,27.17,15.44,3.33,0.00375
5/24/2022,28.19,12.51,2.81,0
5/25/2022,29.54,13.85,2.88,0
5/26/2022,30.98,12.85,2.93,0
5/27/2022,31.57,14.25,3.32,0
5/28/2022,29.02,13.89,4.45,0.001875
5/29/2022,26.56,26.06,4.96,0.010124999
5/30/2022,26.15,19.96,4.03,0
5/31/2022,27.67,13,2.71,0
6/1/2022,29.63,9.81,2.24,0
6/2/2022,29.9,11.01,2.72,0
6/3/2022,30.04,12.43,3.23,0
6/4/2022,29.92,15.37,2.97,0
6/5/2022,30.08,18.17,3.04,0.050374996
6/6/2022,31.73,19.03,3.23,0
6/7/2022,32.68,17.57,2.78,0
6/8/2022,33.97,16.8,2.67,0.011624999
6/9/2022,31.05,23.15,3.45,0.000375
6/10/2022,35.92,14.17,3.5,0.005
6/11/2022,36.61,15.49,3.61,0.107999995
6/12/2022,36.23,14.31,3.75,0
6/13/2022,33.54,16.45,5.21,0
6/14/2022,31.66,12.45,3.02,0
6/15/2022,33.5,8.25,2.01,0
6/16/2022,35.36,7.03,2.51,0
6/17/2022,35.01,9.19,4.51,0.008874999
6/18/2022,32.31,26.18,4.12,0.82375
6/19/2022,29.89,28.02,4.28,0.416125
6/20/2022,31.21,9.5,2.41,0
6/21/2022,33.69,18.92,3.43,0.009875
6/22/2022,33.89,33.16,3.38,0.23612499
6/23/2022,35.39,27.15,3.43,1.602375
6/24/2022,34.45,29.83,3.27,0.343875
6/25/2022,33.93,34.72,3.07,0.96187496
6/26/2022,32.87,38.89,2.24,0.94400007
6/27/2022,32.2,42.62,2.79,3.6723752
6/28/2022,34.45,35.09,3.27,0.007499999
6/29/2022,35.78,29.44,2.77,0.24249999
6/30/2022,32.42,33.51,1.76,0.66175
7/1/2022,34.21,27.82,2.75,0
7/2/2022,34.03,27.12,2.51,0.37262496
7/3/2022,34.13,19.52,3.27,0.001875
7/4/2022,30.74,25.68,3.12,0
7/5/2022,32.85,18.49,3.09,0.005875
7/6/2022,32.69,14.35,3.14,0
7/7/2022,33.67,14.2,2.76,0
7/8/2022,35.12,12.07,3.56,0
7/9/2022,35.77,13.79,2.49,0
7/10/2022,36.4,23.91,3.03,0.074625
7/11/2022,37.85,16.25,3.78,0
7/12/2022,37.17,26.46,1.96,0.059499998
7/13/2022,36.66,31.91,3.64,0.004
7/14/2022,37.01,26.16,2.28,2.165
7/15/2022,36.83,31.12,2.1,5.73425
7/16/2022,37.07,27.34,2.96,0.1885
7/17/2022,36.36,28.63,3.5,1.28475
7/18/2022,32.66,35.77,3.18,9.750499
7/19/2022,36.39,25.69,4.22,0
7/20/2022,35.75,26.63,3.94,0.026624998
7/21/2022,35.02,25.4,3.55,0.052249998
7/22/2022,33.79,29.11,3.32,0.11799999
7/23/2022,34.97,25.72,2.86,1.419125
7/24/2022,32.5,37,2.95,1.1507499
7/25/2022,31.02,53.29,2.04,0.33587497
7/26/2022,30.94,50.46,1.85,1.6627499
7/27/2022,31.83,47.07,1.82,0.31675
7/28/2022,31.15,50.51,1.48,1.9897499
7/29/2022,30.42,56.79,1.65,0.32475
7/30/2022,31.75,50.45,1.46,0.090624996
7/31/2022,31.29,56.44,2.32,5.1349998
8/1/2022,32.28,43.37,2.83,0.74825
8/2/2022,33.82,35.61,2.89,0.004
8/3/2022,33.01,37.13,2.94,4.3213744
8/4/2022,29.18,56.51,2.69,9.4785
8/5/2022,32.29,43.45,1.94,0
8/6/2022,34.07,31.91,3.28,0.01225
8/7/2022,32.99,33.43,2.19,1.2162501
8/8/2022,32.41,42.8,2.46,3.0579998
8/9/2022,32.03,44.95,1.89,11.237374
8/10/2022,32.99,41.75,1.96,0.14137499
8/11/2022,32.73,45.72,2.43,0.16775
8/12/2022,31.63,49.67,2.57,3.1188748
8/13/2022,32.02,51.63,2.11,2.559
8/14/2022,30.44,58.04,2.23,1.5810001
8/15/2022,31.6,49.65,2.05,6.6698747
8/16/2022,33.59,39.62,2.22,0.05
8/17/2022,33.79,42.59,2.02,0.085875005
8/18/2022,33.08,47.79,1.64,0.516125
8/19/2022,30.44,58.05,2.18,7.9043746
8/20/2022,29.65,61.71,2.2,2.1434999
8/21/2022,29.47,63.72,2.25,3.8477497
8/22/2022,30.57,57.77,2.06,0.35724998
8/23/2022,33.02,43.81,1.61,1.308375
8/24/2022,32.09,45.54,2.44,0.09725
8/25/2022,32.19,45.16,2.3,0.120124996
8/26/2022,33.74,40.52,2,0
8/27/2022,33.64,41.36,1.88,0.50874996
8/28/2022,32.46,42,2.54,0.306875
8/29/2022,33.48,35.56,2.75,0
8/30/2022,34.61,28.29,2.9,0
8/31/2022,33.98,29.45,3.36,0.060374998
9/1/2022,33.82,34.17,3.06,0
9/2/2022,33.84,38.51,2.05,0.0585
9/3/2022,33.85,37.43,3.28,1.043375
9/4/2022,34.36,29.31,3.36,0.00025
9/5/2022,34.5,25.75,3.01,0
9/6/2022,34.45,23.8,3.74,0
9/7/2022,33.52,29.6,1.93,0
9/8/2022,32.02,35.94,1.86,0.76612496
9/9/2022,30.21,43.09,2.89,0.420125
9/10/2022,28.74,56.32,1.81,4.0065
9/11/2022,31.13,46.55,1.94,
9/12/2022,29.96,54.72,2.09,12.1779995
9/13/2022,29.21,47.22,2.25,0.053124994
9/14/2022,29.38,37.9,1.94,0
9/15/2022,29.46,37.49,2.09,0
9/16/2022,29.42,34.02,2,
9/17/2022,29.66,29.04,2.41,0.000875
9/18/2022,29.38,25.47,2.82,
9/19/2022,31.08,23.72,2.52,
9/20/2022,30.94,39.52,1.94,
9/21/2022,29.13,55.89,1.77,4.2054996
9/22/2022,28.75,64.22,1.72,2.1004999
9/23/2022,30.07,51.45,2.15,0.431125
9/24/2022,30.86,42.95,1.97,0.429
9/25/2022,31.16,21.92,2.53,0
9/26/2022,31.42,29.4,4.51,0
9/27/2022,31.29,29.29,4.67,0.00375
9/28/2022,30.96,31.96,4.18,0.205875
9/29/2022,29.36,33.45,2.68,0.17162499
9/30/2022,28.73,31.68,2.52,0
10/1/2022,29.2,43.95,2.28,0
10/2/2022,29.38,39.41,2.04,0
10/3/2022,28.74,39.94,2.94,0.31075
10/4/2022,26.6,44.44,2.7,0.36262497
10/5/2022,27.18,36.65,2.35,0
10/6/2022,26.82,37.8,2.96,3.9439998
10/7/2022,26.51,43.89,4.13,0.49137497
10/8/2022,24.88,47.99,3.1,1.4772499
10/9/2022,25.43,45.67,2.67,2.143875
10/10/2022,26.09,38.71,2.37,0.009
10/11/2022,26.52,34.58,2.21,0
10/12/2022,27.02,29.33,2.21,0
10/13/2022,27.09,23.1,2.57,0
10/14/2022,27.21,25.26,2.91,0
10/15/2022,24.85,62.8,2.13,10.591001
10/16/2022,20.7,69.04,1.12,13.294626
10/17/2022,21.57,50.51,2.93,0
10/18/2022,22.6,43.32,4.03,0
10/19/2022,22.22,37.07,4.45,0
10/20/2022,23.49,33.67,2.89,0
10/21/2022,24.37,36.86,2.36,0.028749997
10/22/2022,23.87,48.22,3.69,0
10/23/2022,18.77,53.99,4.51,0
10/24/2022,14.84,28.39,2.69,0
10/25/2022,16.24,27.67,2.53,0
10/26/2022,17.74,28.33,2.24,0.003625
10/27/2022,17.88,26.67,2.73,0.007375
10/28/2022,16.95,28.77,3.63,0
10/29/2022,18.76,32.59,2.76,0
10/30/2022,17.64,33.67,2.85,0.141875
10/31/2022,18.3,28.76,3.23,0.012999999
11/1/2022,19.23,31.95,2.53,1.257625
11/2/2022,17.42,49.42,3.97,0.337125
11/3/2022,12.25,57.07,4.04,0.45012492
11/4/2022,11.14,46.68,1.41,0.01775
11/5/2022,12.66,40.52,2.47,0.35325
11/6/2022,15.93,37.73,2.61,0
11/7/2022,18.09,39.46,2.56,0
11/8/2022,17.98,51.71,3.04,0
11/9/2022,13.96,73.25,3.32,0.051
11/10/2022,12.33,56.51,2.38,0
11/11/2022,12,33.16,3.42,0
11/12/2022,13.62,31.54,3.19,0
11/13/2022,11.89,37.12,3.27,0
11/14/2022,10.85,39.01,2.04,0
11/15/2022,11.94,34.09,3.36,0
11/16/2022,11.46,22.19,5.45,0.000125
11/17/2022,13.15,26.48,3.36,0
11/18/2022,13.57,33.55,2.56,0.03125
11/19/2022,14.22,34.61,3.64,0
11/20/2022,14.19,37.64,3.33,0
11/21/2022,14.05,27.88,2.9,0
11/22/2022,15.02,28.73,2.82,0.20875001
11/23/2022,13.87,33.13,2.72,0
11/24/2022,11.73,28.56,4.75,0.034125
11/25/2022,12.59,28.44,3.02,0.075124994
11/26/2022,12.22,26.56,2.37,0.0365
11/27/2022,12.26,24.32,2.02,0
11/28/2022,12.45,29.41,3.34,0.00075
11/29/2022,11.99,49.21,1.95,0.2125
11/30/2022,13.77,37.5,2.86,0
12/1/2022,14.54,43.38,2.9,0.00175
12/2/2022,14.17,55.18,1.76,0.33249998
12/3/2022,12.87,68.01,4.03,11.718874
12/4/2022,14.86,92.07,2.26,15.120499
12/5/2022,16.25,78.92,1.28,0.124625005
12/6/2022,13.79,69.75,2.09,0.19825
12/7/2022,12.25,58.55,2.13,0.023875002
12/8/2022,11.51,56.59,2.2,0
12/9/2022,12.23,42.66,1.52,0.038625002
12/10/2022,11.01,45.37,2.15,0
12/11/2022,11.14,45.5,3.29,0
12/12/2022,9.25,69.2,2.31,6.04525
12/13/2022,7.01,68.44,1.45,0.02325
12/14/2022,5.75,55.56,2.01,0.020499999
12/15/2022,6.52,49.17,2.3,0
12/16/2022,6.97,39.74,3.17,0.02
12/17/2022,7.1,32.78,3.21,0
12/18/2022,9.37,46.35,2.67,1.1743749
12/19/2022,9.09,51.91,1.96,0.007625
12/20/2022,9.23,42.35,3.38,0.0025
12/21/2022,9.86,40.56,2.54,0
12/22/2022,10.17,40.43,2.08,0
12/23/2022,11.86,39.87,2.1,0.007499999
12/24/2022,11.81,48.74,3,0
12/25/2022,12.66,45.84,3.37,0
12/26/2022,13.97,44.84,3.29,0
12/27/2022,14.48,43.27,3.33,0.151
12/28/2022,11.08,83.64,1.74,25.499374
12/29/2022,11.51,84.77,2.05,0.09725
12/30/2022,12.06,77.21,1.68,0.444
12/31/2022,12.77,71.03,2.4,0.487125
1/1/2023,11.88,79.47,5.62,24.600124
1/2/2023,8.48,78.54,3.2,5.6920004
1/3/2023,8.88,72.87,2.32,1.8215001
1/4/2023,11.6,61.47,2.29,0.199375
1/5/2023,12.33,52.88,3.4,0.09025
1/6/2023,12.51,55.04,1.56,0.061999995
1/7/2023,11.86,43.54,3.49,0
1/8/2023,12.83,43.67,2.83,0
1/9/2023,13.01,41.21,1.94,0.018625
1/10/2023,12.7,47.61,2.66,0.57712495
1/11/2023,11.52,54.83,1.89,4.41575
1/12/2023,12.13,41.22,3.84,0.004125
1/13/2023,15.13,35.1,3.48,0.01275
1/14/2023,12.89,48.82,2.82,0.67649996
1/15/2023,10.54,84.86,2.52,9.900375
1/16/2023,11.03,89.68,4.1,24.94725
1/17/2023,8.83,78.11,4.08,0.7025
1/18/2023,8.47,56.18,1.78,0.22437501
1/19/2023,8.11,49.93,2.1,0
1/20/2023,7.38,53.61,2.44,0
1/21/2023,7.27,50.74,1.91,0
1/22/2023,6.27,55.8,2.85,0
1/23/2023,4.12,56.62,1.72,0.0095
1/24/2023,4.61,58.08,2.12,0.004625
1/25/2023,6.46,52.05,2.77,0
1/26/2023,6.42,44.31,4.92,0
1/27/2023,8.11,37.63,2.54,0
1/28/2023,8.8,40.2,2.45,0
1/29/2023,9.02,53.69,3.8,
1/30/2023,9.35,64.97,2.66,0.006875
1/31/2023,9.96,67.8,2.16,
2/1/2023,9.95,49.6,3.36,
2/2/2023,10.18,39.79,3.26,
2/3/2023,12.58,43.25,4.66,
2/4/2023,14.41,38.41,2.99,
2/5/2023,13.3,43.25,3.01,0
2/6/2023,10.67,49.83,3.7,
2/7/2023,10.43,39.72,2.59,0
2/8/2023,10.92,41.02,2.68,0
2/9/2023,10.37,35.68,4.5,0
2/10/2023,10.53,33.59,5.74,0
2/11/2023,13.32,31.15,4.56,0.583
2/12/2023,13.35,39.91,4.14,0
2/13/2023,8.56,67.27,2.26,1.0336249
2/14/2023,7.76,80.71,5.05,0.47462496
2/15/2023,5.49,51.24,3.43,5.486125
2/16/2023,5.57,42.95,3.72,0
2/17/2023,9.29,33.76,6.3,0.13412501
2/18/2023,14.38,33.7,3.87,0.01225
2/19/2023,15.23,43.46,2.46,0
2/20/2023,16.97,57.53,1.37,0.083749995
2/21/2023,14.58,62.07,3.59,1.7393749
2/22/2023,8.58,60.05,8.17,5.09375
2/23/2023,8.55,54.77,3.11,0.004749999
2/24/2023,11.31,59.06,2.34,0.009500001
2/25/2023,13.43,52.26,3.42,0.08725
2/26/2023,8.82,64.69,3.67,5.969125
2/27/2023,9.22,48.75,2.37,0
2/28/2023,10.44,51.42,2.72,0
3/1/2023,9.29,69.92,5.49,0.45900002
3/2/2023,6.46,69.38,2.06,20.369625
3/3/2023,8.97,56.29,1.92,0
3/4/2023,11.75,45.9,2.34,0
3/5/2023,12.97,48.49,2.82,0.00225
3/6/2023,14.72,42.19,2.03,0.150125
3/7/2023,16.6,35.51,1.49,0.583375
3/8/2023,15.14,38.4,2.54,0
3/9/2023,15.55,33.23,1.37,0.12025
3/10/2023,16.76,38.89,2.75,0.087249994
3/11/2023,17.71,63.06,3.3,0.507125
3/12/2023,18.03,54.8,2.58,0.0085
3/13/2023,17.34,44.24,2.32,0.014625001
3/14/2023,18.12,43.46,2.29,0.237625
3/15/2023,14.88,75.2,2.32,20.234875
3/16/2023,14.31,69.72,1.75,21.658627
3/17/2023,14.71,49.04,2.19,0
3/18/2023,14.48,40.61,4.2,0
3/19/2023,15.16,40.19,4.56,0.55424994
3/20/2023,14.57,60.81,2.54,0.15675
3/21/2023,14.59,75.15,4.39,16.885124
3/22/2023,13.9,64.3,3.89,0.925
3/23/2023,13.05,51.86,2.22,0
3/24/2023,12.22,52.49,3.92,0.056375004
3/25/2023,13.19,38.56,2.17,0
3/26/2023,12.23,36.58,2.5,0
3/27/2023,13.01,34.85,3.33,0.00025
3/28/2023,15.74,32.44,3.74,0
3/29/2023,16.33,36.63,3.71,0
3/30/2023,12.56,51.79,4.72,0.24812499
3/31/2023,13.76,44.97,1.68,0
4/1/2023,16.81,36.02,2.92,0
4/2/2023,17.45,31.38,2.53,0
4/3/2023,16.47,34.39,6.03,0
4/4/2023,9.23,32.74,5.42,0
4/5/2023,11.23,31.29,2.71,0
4/6/2023,15.08,33.1,3.15,0.059624992
4/7/2023,17.81,32.07,2.95,0.08275
4/8/2023,18.99,26.91,1.8,0
4/9/2023,22.43,29.22,1.95,0.001125
4/10/2023,24.74,29.82,3.78,0
4/11/2023,25.4,31.58,4.03,0
4/12/2023,23.33,29.36,3.16,0.030249998
4/13/2023,19.51,38.54,3.98,0.054499995
4/14/2023,17.12,41.71,2.89,0.010125001
4/15/2023,20.28,30.7,1.76,0
4/16/2023,22.81,25.79,2.55,0
4/17/2023,23.04,26.9,2.8,0
4/18/2023,20.08,34.89,3.84,0
4/19/2023,18.77,31.78,4.06,0
4/20/2023,19.51,27.78,3.6,0
4/21/2023,21.53,26.02,3.65,0
4/22/2023,23.67,32.02,3.34,0
4/23/2023,24.48,31.61,2.65,0
4/24/2023,23.35,28.68,2.85,0
4/25/2023,22.69,33.3,3.57,0
4/26/2023,22.58,25.66,2.59,0
4/27/2023,24.17,24.73,3.26,0
4/28/2023,25.77,24.32,2.89,0
4/29/2023,26.84,20.01,3.54,0
4/30/2023,27.64,23.92,2.89,0
5/1/2023,26.07,26.09,5.08,0
5/2/2023,23.05,33.11,3.85,0.001
5/3/2023,23.24,28.73,4.02,0
5/4/2023,19.43,34.31,4.1,0
5/5/2023,19.38,33.85,2.79,0
5/6/2023,21.23,28.26,2.56,0
5/7/2023,23.19,24.1,2.23,0
5/8/2023,24.47,23.32,2.41,0
5/9/2023,24.22,22.56,3.1,0
5/10/2023,19.95,30.55,3.85,0.028
5/11/2023,22.76,24.52,2.16,0
5/12/2023,25.5,23.18,2.31,0
5/13/2023,26.73,24.14,2.87,0
5/14/2023,28.48,27.65,3.84,0.0175
5/15/2023,29.93,30.35,3.82,0.025
5/16/2023,29.92,32.62,3.8,0.080249995
5/17/2023,28.77,40.98,1.7,1.34425
5/18/2023,28,38.09,2.93,2.42625
5/19/2023,25.6,48.72,3.09,3.402
5/20/2023,27.38,37.64,1.82,0.18637499
5/21/2023,28.83,24.36,2.14,0.025
5/22/2023,28.97,21.21,2.41,0
5/23/2023,28.84,16.79,2.84,0
5/24/2023,28.49,19.73,3.01,0
5/25/2023,27.87,16.6,3.62,0
5/26/2023,26.82,20.8,3.9,0
5/27/2023,27,18.28,2.46,0
5/28/2023,28.14,15.17,2.66,0
5/29/2023,27.82,17.68,3.22,0
5/30/2023,27.57,17.89,3.9,0.000625
5/31/2023,25.26,19.94,4.23,0.002375
6/1/2023,25.3,22.2,2.2,0
6/2/2023,26.96,24.07,2.58,0.004
6/3/2023,28.91,19.38,2.33,0
6/4/2023,30.24,15.73,2.68,0
6/5/2023,30.27,13.54,3.72,0
6/6/2023,28.34,13.21,4.09,0.056125004
6/7/2023,26.66,17.25,3.23,0
6/8/2023,26.79,18.22,3.32,0.000375
6/9/2023,27.62,15.64,2.47,0.23437497
6/10/2023,28.6,13.48,2.86,0
6/11/2023,26.35,21.32,4.71,0
6/12/2023,25.6,27.81,2.74,0
6/13/2023,27.44,20.74,2.28,0
6/14/2023,29.11,16.21,2.75,0
6/15/2023,29.16,18.18,2.25,0
6/16/2023,30.02,14.16,2.87,0
6/17/2023,31.05,17.62,2.08,0
6/18/2023,31.98,13.43,4.34,0
6/19/2023,31.19,12.25,3.69,0
6/20/2023,31.21,13.19,3.44,0.036625
6/21/2023,31.42,12.87,3.04,0.021
6/22/2023,30.75,7.82,3.16,0
6/23/2023,28.73,7.82,2.68,0
6/24/2023,30.66,4.45,2.23,0
6/25/2023,33.86,6.49,2.82,0.07062499
6/26/2023,34.55,7.06,3.25,0
6/27/2023,33.24,8.21,3.51,0.014999999
6/28/2023,32.08,10.33,3.88,0
6/29/2023,32.03,8.94,2.41,0
6/30/2023,33.54,9.09,2.23,0
7/1/2023,34.92,11.05,3.07,0
7/2/2023,36.11,11.02,3.61,0.002125
7/3/2023,36.05,12.37,4.13,0
7/4/2023,34.82,13.46,3.85,0
7/5/2023,34.89,10.25,3.19,0
7/6/2023,36.26,10.88,3.19,0
7/7/2023,35.1,11.92,3.39,0.002875
7/8/2023,35.08,10.98,3.28,0
7/9/2023,35.59,12.87,2.6,0
7/10/2023,35.72,20.74,2.92,0
7/11/2023,36.8,24.86,3.03,0
7/12/2023,36.8,23.93,3.19,0
7/13/2023,37.38,20.74,2.78,0
7/14/2023,37.49,20.54,4.32,0
7/15/2023,37.16,19.24,4.43,0
7/16/2023,37.54,22.99,3.16,0
7/17/2023,38.17,24.04,2.43,0.00225
7/18/2023,38.56,24.93,2.83,0.33512503
7/19/2023,39.19,18.52,3.15,0
7/20/2023,39.43,14.56,3.39,0
7/21/2023,37.89,18.5,4.07,0
7/22/2023,37.13,21,3.15,0.404375
7/23/2023,36.88,24.77,3.51,0.161375
7/24/2023,37.61,19.45,3.25,0.032375
7/25/2023,38.41,19.96,2.76,0.024124999
7/26/2023,38.95,17.74,3.44,0
7/27/2023,37.64,23.31,3.3,1.4202498
7/28/2023,36.99,23.65,3.66,0.419375
7/29/2023,36.69,25.46,2.63,1.796875
7/30/2023,36.2,23.78,2.2,0.949125
7/31/2023,33.6,33.46,2.32,0.82387507
8/1/2023,34.61,29.62,2.22,2.2223752
8/2/2023,35.69,24.59,2.87,0.115625
8/3/2023,35.66,20.41,2.72,0
8/4/2023,36.51,13.95,1.69,0
8/5/2023,37.17,12.98,2.95,0
8/6/2023,36.88,19.31,3.5,0
8/7/2023,36.69,26.31,3.59,0
8/8/2023,35.45,30.08,3.54,1.061375
8/9/2023,35.18,30.24,2.97,0.039125
8/10/2023,34.98,26.43,2.81,0.13724999
8/11/2023,34.27,29.57,2.91,0
8/12/2023,34.07,24.9,2.3,0.00725
8/13/2023,34.21,26.14,2.15,0.729
8/14/2023,35.11,24.81,2.02,0.15287499
8/15/2023,36.55,27.63,3.64,1.2706249
8/16/2023,37.08,25.18,2.73,2.4758751
8/17/2023,37.24,23.4,1.91,1.202375
8/18/2023,34.69,26.63,2.67,4.959125
8/19/2023,31,39.92,3.89,0.44712496
8/20/2023,31.16,44.6,5.93,2.353875
8/21/2023,29.34,51.93,1.85,3.6333747
8/22/2023,31.84,42.68,2.55,3.8697503
8/23/2023,32.8,33.86,3.82,0.011
8/24/2023,33.79,32.9,2.17,0.093125
8/25/2023,35.84,27.95,2.12,0.01675
8/26/2023,36.26,26.79,2.91,0
8/27/2023,37.49,30.72,2.37,0.005125
8/28/2023,38.61,22.6,2.36,0.131
8/29/2023,37.84,21.67,2.94,0.1135
8/30/2023,36.52,22.85,2.59,0
8/31/2023,35.29,28.59,3.69,0.19399999
9/1/2023,28.87,57.83,2.45,9.578375
9/2/2023,29.94,52.77,1.98,0.307125
9/3/2023,31.04,45.62,2.2,0.0005
9/4/2023,30.56,35.42,2.93,0
9/5/2023,30.02,24.17,2.9,0
9/6/2023,31.85,20.13,1.97,0
9/7/2023,32.99,16.53,2.73,0
9/8/2023,33.97,19.27,2.79,0.00525
9/9/2023,35.94,18.78,3.06,0
9/10/2023,34.66,19.38,2.77,0.003125
9/11/2023,33.6,23.59,2.88,0.003125
9/12/2023,32.16,37.15,2.26,2.01825
9/13/2023,29.07,56.07,2.83,2.182125
9/14/2023,29.6,35.06,1.82,0
9/15/2023,30.06,29.59,2.08,0
9/16/2023,30.41,26.09,2.8,0
9/17/2023,30.94,22.4,2.11,0.01075
9/18/2023,29.23,22.58,2.62,0
9/19/2023,29.25,21.86,1.89,0
9/20/2023,28.28,21.64,3.7,0.07937499
9/21/2023,27.5,23.4,3.75,0
9/22/2023,28.33,23.12,2.55,0.111875
9/23/2023,29,25.52,2.06,0.014875
9/24/2023,29.63,21.37,1.49,0
9/25/2023,29.52,18.44,2.47,0
9/26/2023,30.93,13.81,2.76,0
9/27/2023,30.81,14.02,2.52,0
9/28/2023,30.29,16.64,2.55,0
9/29/2023,28.95,14.03,2.47,0
9/30/2023,27.25,21.35,5.35,0
10/1/2023,23.76,38.51,3.51,0
10/2/2023,23.23,36.32,2.39,0
10/3/2023,23.9,26.19,1.85,0
10/4/2023,25.21,18.71,2.18,0
10/5/2023,27.04,15.9,3.4,0
10/6/2023,29.94,17.94,3.73,0
10/7/2023,30.65,21.18,5.79,0.023624998
10/8/2023,30.37,22.5,3.46,0.16375
10/9/2023,29.96,25.19,3.14,0.795375
10/10/2023,27.89,25.74,2.71,0
10/11/2023,25.39,31.22,4.12,0
10/12/2023,23.76,19.74,2.13,0
10/13/2023,23.63,15.96,3.18,0.057875
10/14/2023,25.92,19.24,1.85,0.0005
10/15/2023,27.56,17.89,3.11,0
10/16/2023,29.8,15.41,3.81,0
10/17/2023,29.36,17.7,2.37,0
10/18/2023,28.62,15.76,2.61,0
10/19/2023,29.12,13.37,2.97,0
10/20/2023,29.43,13.78,3.1,0
10/21/2023,29.11,14.4,2.36,0
10/22/2023,27.43,27.03,2.18,0.030374998
10/23/2023,24,35.62,2.8,0
10/24/2023,23,31.71,1.86,0.006125
10/25/2023,21.77,46.12,2.16,0
10/26/2023,22.49,41.66,1.69,0.92687494
10/27/2023,23.11,34.95,2.33,0.00125
10/28/2023,21.67,34.31,3.01,0
10/29/2023,18.68,20.07,2.46,0.055124998
10/30/2023,18.23,17.91,3.93,0
10/31/2023,17.8,15.88,4.22,0.01625
11/1/2023,19.16,16.65,3.62,0
11/2/2023,19.98,17.6,2.67,0
11/3/2023,20.83,14.55,2.69,0
11/4/2023,21.83,12.21,2.77,0.001125
11/5/2023,24,14.37,2.6,0
11/6/2023,24.94,19.8,2.01,0
11/7/2023,21.71,24.74,3.45,0
11/8/2023,18.3,22.93,2.06,0
11/9/2023,16.81,19.42,2.68,0
11/10/2023,16.61,21.6,2.63,0
11/11/2023,18.22,30.36,2.44,0
11/12/2023,19.53,26.22,4.05,0
11/13/2023,21.93,31.09,4.18,0.027374998
11/14/2023,23.08,36.12,3.58,0.015249999
11/15/2023,22.21,35.29,3.4,0.310375
11/16/2023,20.84,44.81,1.48,7.6897497
11/17/2023,20.39,61.5,2.12,5.819
11/18/2023,18.91,70.38,1.79,6.9765
11/19/2023,15.51,58.1,3.72,0
11/20/2023,14.54,40.61,3.09,0
11/21/2023,16.44,34.35,4.04,0
11/22/2023,16.07,31.42,2.93,0
11/23/2023,14.08,32.69,2.77,0.007375
11/24/2023,14.16,52.71,3.75,0
11/25/2023,14.45,44.82,1.73,0.007625
11/26/2023,13.47,33.57,3.88,0
11/27/2023,15.82,33.22,3.66,0.002625
11/28/2023,16.76,35.63,3.53,0.016624998
11/29/2023,14.85,42.82,3.06,0.000625
11/30/2023,12.58,60.92,2.82,0.059999995
12/1/2023,11.9,65.34,2.24,0.577375
12/2/2023,11.58,55.44,1.57,0
12/3/2023,12.28,41.87,2.13,0
12/4/2023,13.45,42.93,2.46,0.054624997
12/5/2023,17.34,37.9,3.99,0
12/6/2023,18.76,28.18,3.13,0
12/7/2023,16.57,32.72,2.07,0
12/8/2023,14.35,35.66,1.7,0
12/9/2023,10.37,23.35,4.42,0
12/10/2023,11.79,22.33,3.56,0
12/11/2023,13.29,24.31,2.83,0
12/12/2023,14.54,21.89,2.8,0.124749996
12/13/2023,12.37,27.91,2.26,0
12/14/2023,11.66,30.36,2.26,0
12/15/2023,14.4,34.48,3.94,0
12/16/2023,15.97,22.36,4.22,0.001875
12/17/2023,15.89,20.7,3.34,0
12/18/2023,17.35,20.05,3.47,0.052999996
12/19/2023,16.42,24.05,2.72,0.46724996
12/20/2023,15.44,54.69,3.27,5.3535
12/21/2023,17.31,60.36,2.33,0.010875
12/22/2023,12.39,79.84,3.07,22.960999
12/23/2023,11.25,84.5,1.63,6.0497503
12/24/2023,10.66,70.93,1.63,0
12/25/2023,9.07,37.28,2.74,0
12/26/2023,8.56,31.21,2.7,0.002375
12/27/2023,9.24,32.14,2.59,0
12/28/2023,10.91,34.15,2.83,0.0175
12/29/2023,12.69,29.49,4.04,0
12/30/2023,12.9,33.62,4.02,0.001875
12/31/2023,10.54,60.69,1.92,0
1/1/2024,10.67,51.48,2.48,1.2275
1/2/2024,11.08,47.25,1.72,0.069
1/3/2024,9.93,61.35,2.67,0.0485
1/4/2024,8.04,67.78,2.3,1.661
1/5/2024,7.23,53.76,1.37,0.022999998
1/6/2024,7.84,47.08,2.03,0
1/7/2024,5.76,52.81,4.53,1.5841249
1/8/2024,3.68,40.54,2.6,0.002375
1/9/2024,4.97,37.73,1.92,0
1/10/2024,7.09,33.65,1.86,0
1/11/2024,5.46,52.48,5.02,0.09087499
1/12/2024,5.25,33.48,2.06,0.00025
1/13/2024,8.24,32.09,1.9,0.014874999
1/14/2024,10.6,35.01,1.95,0.17225
1/15/2024,11.03,41.61,2.08,0
1/16/2024,11.15,40.19,2.48,0
1/17/2024,12.06,38.37,2.31,0.2135
1/18/2024,14.31,38.46,2.31,0.012375
1/19/2024,14.69,42.08,2.51,0.040249996
1/20/2024,13.72,44.92,3.12,1.3258749
1/21/2024,11.71,80.24,1.78,11.48775
1/22/2024,11.46,86.15,1.78,2.5648751
1/23/2024,11.56,89.98,2.2,23.384373
1/24/2024,12.02,77.15,1.16,0.432625
1/25/2024,11.55,73.29,2.32,0.66837496
1/26/2024,11.67,60.59,2.34,0
1/27/2024,13.44,39.19,3.91,0
1/28/2024,15.14,33.93,4.58,0
1/29/2024,16.81,33.68,3.1,0
1/30/2024,17.46,33.12,3,0
1/31/2024,17.22,46.28,2.91,0
2/1/2024,16.22,55.21,4.79,0.75275004
2/2/2024,11.08,77.92,4.94,21.092249
2/3/2024,10.28,64.46,2.38,0.066999994
2/4/2024,11.71,46.67,2.5,0.0315
2/5/2024,14.9,42.43,4.03,0.00675
2/6/2024,13.63,68.45,4.97,16.756498
2/7/2024,9.75,81.54,3.97,4.246
2/8/2024,7.34,81.17,4.12,2.985125
2/9/2024,7.51,64.02,2.24,0.0935
2/10/2024,7.85,68.88,1.93,6.4443755
2/11/2024,7.53,53.04,2.15,0.178875
2/12/2024,9.31,43.47,2.69,0
2/13/2024,11.69,40.6,2.61,0
2/14/2024,12.49,39.48,1.52,0
2/15/2024,13.09,40.77,2.44,0.005625
2/16/2024,14.21,41.27,1.92,0
2/17/2024,14.7,43.98,2.19,0.066874996
2/18/2024,15.66,42.49,2.52,0.117125
2/19/2024,16.22,45.65,2.7,0.079
2/20/2024,17.53,40.75,2.2,0.100375
2/21/2024,15.44,51.71,3.21,0.2615
2/22/2024,14.98,52.52,2.03,0.009375
2/23/2024,15.64,35.48,3.13,0.016875
2/24/2024,16.21,38.12,2.55,0.159125
2/25/2024,19.03,36.85,2.28,0.20487499
2/26/2024,17.64,44.56,1.88,5.356125
2/27/2024,16.48,52.49,3.17,1.9130001
2/28/2024,16.14,50.62,3.04,0.135875
2/29/2024,15.43,60.84,2.36,0.087625004
3/1/2024,17.08,40.86,2.36,0
3/2/2024,15.2,48.63,4.07,0
3/3/2024,14.18,60.19,3.61,0.175375
3/4/2024,14.49,54.11,2.68,0.11624999
3/5/2024,16.27,38.51,1.82,0.001375
3/6/2024,15.39,43.53,2.28,0.620125
3/7/2024,11.67,69.21,2.79,15.391749
3/8/2024,12.94,62.42,2.13,0.912125
3/9/2024,14.92,49.45,2.31,2.2533748
3/10/2024,17.22,36.68,3.29,0
3/11/2024,17.27,38.34,3.15,0.001625
3/12/2024,16.43,39.81,2.67,0.00225
3/13/2024,15.32,49.21,3.81,0.035875
3/14/2024,14.62,40.54,2.29,0.024125
3/15/2024,11.46,75.08,2.81,13.261124
3/16/2024,12.03,63.01,2.19,0.66875
3/17/2024,13.52,54.89,1.47,4.6868753
3/18/2024,15.12,53.04,3.13,0.011874999
3/19/2024,16.9,48,2.27,0.019375
3/20/2024,17.09,46.77,2.31,0.14837497
3/21/2024,18.52,42.01,2.55,0.66662496
3/22/2024,21.02,33.45,1.62,0
3/23/2024,19.49,37.91,3.64,0.141625
3/24/2024,12.44,62.88,4.54,9.976375
3/25/2024,13.01,54.56,2.9,1.0218749
3/26/2024,13.4,58.61,2.29,0.885625
3/27/2024,15.13,46.47,2.14,0.21637502
3/28/2024,17.73,37.36,2.73,0.026999999
3/29/2024,18.61,37.79,3.13,0.058875002
3/30/2024,17.97,42.75,5.61,0
3/31/2024,12.6,72.59,2.68,6.3061247
4/1/2024,11.62,73.01,2.09,16.326624
4/2/2024,16,48.65,1.92,0.147875
4/3/2024,18.78,34.95,2.01,0
4/4/2024,19.92,34.7,3.56,0
4/5/2024,14.64,46.99,5.34,0.53499997
4/6/2024,12.3,45.98,2.64,0.338875
4/7/2024,15.55,28.34,2.1,0
4/8/2024,16.83,27.72,1.86,0.27537498
4/9/2024,17.94,34.28,3.44,0
4/10/2024,20.02,27.19,2.84,0
4/11/2024,22.85,27.04,3.08,0
4/12/2024,23.17,27.54,3.85,0
4/13/2024,20.97,32.07,3.66,0
4/14/2024,19.04,33.32,3.52,0
4/15/2024,16.64,38.57,2.75,0
4/16/2024,20.02,30.13,2.62,0
4/17/2024,23.15,26.42,2.06,0
4/18/2024,24.76,22.19,1.84,0.24949999
4/19/2024,24.41,25.29,2.56,0.000625
4/20/2024,24.95,26.21,2.16,0.3
4/21/2024,26.83,23.98,1.77,0
4/22/2024,26,29.57,3.68,0
4/23/2024,24.74,27.8,3.18,0
4/24/2024,23.51,31.2,3.51,0.003375
4/25/2024,20.14,39.54,4.37,0.010375001
4/26/2024,19.18,42.66,5.31,0.033499997
4/27/2024,18.11,47.71,3.47,0.057500005
4/28/2024,21.48,30.83,2.16,0
4/29/2024,24.31,23.58,2.09,0
4/30/2024,25.04,23.27,2.41,0
5/1/2024,23.35,28.29,2.85,0
5/2/2024,23.88,30.63,2.44,0
5/3/2024,24.1,29.61,2.54,0
5/4/2024,24.39,29.28,3.12,0
5/5/2024,21.43,32.27,5.59,0.006125
5/6/2024,20,24.3,2.7,0
5/7/2024,22.37,19.97,2.91,0
5/8/2024,22.21,25.05,3.59,0
5/9/2024,21.44,20.11,2.51,0
5/10/2024,23.8,20.12,2.49,0
5/11/2024,24.21,23.49,3.36,0
5/12/2024,25.04,25.25,2.4,0
5/13/2024,27.07,22.14,2.83,0
5/14/2024,27.55,22.84,2.49,0
5/15/2024,26.94,24.34,2.76,0
5/16/2024,27.1,31.27,3.33,0.882625
5/17/2024,28.12,22.8,2.86,0
5/18/2024,28.63,19.58,3.45,0.007
5/19/2024,27.51,17.15,3.63,0
5/20/2024,24.51,24.55,3.6,2.457625
5/21/2024,25.68,16.37,2.9,0
5/22/2024,25.88,13.3,2.98,0
5/23/2024,25.66,16.78,3.3,0
5/24/2024,27.04,19.5,3.58,0
5/25/2024,24.93,24.07,4.53,0
5/26/2024,27.26,18.62,2.08,0
5/27/2024,30.03,13.76,2.01,0
5/28/2024,30.51,12.54,2.88,0
5/29/2024,29.71,13.93,2.94,0
5/30/2024,30.42,12.35,2.5,0
5/31/2024,31.05,11.48,2.47,0
6/1/2024,30.52,10.69,3.24,0
6/2/2024,29.89,16.76,3.07,0
6/3/2024,30.02,13.73,2.62,0
6/4/2024,30.84,19.51,2.37,0.020749997
6/5/2024,32.66,19.13,3.07,0
6/6/2024,34.16,17.42,3.31,0
6/7/2024,34.42,13.99,2.85,0.013375001
6/8/2024,33.73,15.72,3.01,0.038125
6/9/2024,32.15,15.76,3.34,0.002125
6/10/2024,32.31,15.87,2.4,0
6/11/2024,33.8,11.14,2.39,0
6/12/2024,34.47,10.17,2.95,0
6/13/2024,34.16,11.7,3.86,0.46937498
6/14/2024,33.25,9.57,2.04,0.034375
6/15/2024,35.04,9.39,3.09,0
6/16/2024,34.12,11.31,3.99,0
6/17/2024,31.98,11.79,4.56,0
6/18/2024,31.21,15.3,3.22,0
6/19/2024,31.84,16.92,2.91,0
6/20/2024,35.32,18.66,3.73,0.000375
6/21/2024,37.08,27.04,6.05,0.00275
6/22/2024,35.78,34.89,2.87,2.6289997
6/23/2024,33.45,34.51,2.47,0.5905
6/24/2024,36.27,27.38,3.16,0.082624994
6/25/2024,35.29,32.4,2.49,3.2931247
6/26/2024,35.83,34.16,3.4,0.31875
6/27/2024,36.25,22.87,4.05,0.004125
6/28/2024,35.71,17.56,2.77,0.018
6/29/2024,35.91,23.74,1.89,0.02575
6/30/2024,36.14,23.32,3.07,0.33175
7/1/2024,35.7,31.44,2.88,2.219375
7/2/2024,36.9,25.92,2.26,0
7/3/2024,36.53,21.19,3.6,0.094375
7/4/2024,36.58,20.51,3.61,0
7/5/2024,36.9,15.75,2.92,0
7/6/2024,36.4,14.8,3.29,0
7/7/2024,36.99,20.45,3.86,0
7/8/2024,37.56,14.56,3.12,0
7/9/2024,37.05,16.48,3.48,0
7/10/2024,37.28,16.03,3.01,0
7/11/2024,37.46,17.88,2.53,0.001625
7/12/2024,37.51,19.94,2.46,1.8685
7/13/2024,37.46,18.25,3.33,0.07637499
7/14/2024,35.47,27.31,3.53,0
7/15/2024,34.35,30.58,3.78,2.8425
7/16/2024,34.87,29.69,3.62,0
7/17/2024,35.78,29.77,3.02,0
7/18/2024,36.4,24.14,2.16,0.624375
7/19/2024,36.95,25.57,3.06,0
7/20/2024,35.35,32.72,3.59,0.08299999
7/21/2024,34.78,38.47,3.71,1.5372499
7/22/2024,34.84,38.28,1.88,2.2862499
7/23/2024,37.36,26.51,2.34,0.00025
7/24/2024,36.64,24.59,2.38,0
7/25/2024,36.23,34.45,3.06,4.7392497
7/26/2024,34.52,39.92,2.51,7.0057497
7/27/2024,34.87,35.42,3.47,0
7/28/2024,34.95,30.82,3.02,0.050499994
7/29/2024,34.25,26.38,2.65,0.434125
7/30/2024,34.46,20.65,2.86,0.010125
7/31/2024,33.59,34.18,3.2,0.003625
8/1/2024,33.34,35.61,2.56,0.98050004
8/2/2024,36.6,26.4,2.01,0.037874997
8/3/2024,37.63,22.02,2.22,0.252875
8/4/2024,38.03,24.47,2.19,0.002375
8/5/2024,35.9,32.8,3.03,8.816125
8/6/2024,34.29,33.26,3.16,0.105124995
8/7/2024,31.87,44.47,2.26,2.760625
8/8/2024,33.21,41.9,2.37,1.254625
8/9/2024,34.17,41.29,2.08,1.54675
8/10/2024,35.89,34.84,3.22,0.009125
8/11/2024,33.49,43.75,2.32,0.0715
8/12/2024,34.26,31.24,2.32,0.00325
8/13/2024,34.2,31.32,2.98,0.012
8/14/2024,34.66,27.89,2.49,0.021249998
8/15/2024,35.58,25.18,2.66,0
8/16/2024,36.02,22.32,2.96,0
8/17/2024,34.41,29.72,2.52,0.07075
8/18/2024,33.24,38.53,2.05,9.521375
8/19/2024,35.43,32.41,2.47,0.10475
8/20/2024,35.98,26.08,2.89,0.025999999
8/21/2024,34.43,34.23,2.33,1.251625
8/22/2024,34.23,37.86,3.06,0.26175
8/23/2024,33.37,34.92,3.49,1.035875
8/24/2024,32.22,32.77,2.89,0.029875001
8/25/2024,32.96,22.54,2.8,0.010500001
8/26/2024,33.69,17.74,2.42,0
8/27/2024,34.29,22.25,3.55,0.136125
8/28/2024,33.09,33.98,4,1.5873749
8/29/2024,33.83,29.18,2.92,0
8/30/2024,33.96,27.64,3.34,0.007999999
8/31/2024,33.82,27.98,3.1,0.14774999
9/1/2024,34.07,24.17,3.27,1.3172499
9/2/2024,33.92,27.81,3.93,0.34412497
9/3/2024,33.91,26.05,3.06,0
9/4/2024,34.82,19.59,2.95,0
9/5/2024,36.44,16.45,2.92,0
9/6/2024,36.08,19.65,4.09,0
9/7/2024,35.41,23.6,3.49,0
9/8/2024,34.59,21.15,4.22,0.014250001
9/9/2024,33.86,14.16,3.63,0
9/10/2024,33.62,11.71,2.71,0
9/11/2024,32.77,14.36,2.99,0
9/12/2024,31.67,15.42,4.47,0
9/13/2024,31.03,15.91,3.39,0
9/14/2024,31.69,26.06,1.99,0
9/15/2024,31.63,26.98,3.09,0
9/16/2024,29.44,29.24,5.02,0.07000001
9/17/2024,25.86,22.53,3.23,0.000125
9/18/2024,26.32,19.35,2.86,0
9/19/2024,27.6,25.25,2.51,0
9/20/2024,27.21,32.74,3.23,0
9/21/2024,25.27,26.42,1.9,0
9/22/2024,28.37,21.79,1.8,0
9/23/2024,30.56,20.19,2.62,0
9/24/2024,31.83,14.91,2.83,0
9/25/2024,33.59,16.18,3.18,0
9/26/2024,33.46,17.52,2.97,0
9/27/2024,34.61,15.87,2.3,0
9/28/2024,35.62,13.52,4.42,0.013374999
9/29/2024,34.72,14.42,3.93,0.00425
9/30/2024,33.8,19.06,2.26,0
10/1/2024,34.79,14.72,3.75,0.63587505
10/2/2024,33.52,12.46,3.42,0.454
10/3/2024,32.37,13.11,2.57,0
10/4/2024,33.21,14.29,1.9,0
10/5/2024,32.55,12.35,2.96,0
10/6/2024,33.03,10.58,3.14,0
10/7/2024,32.64,11.66,3.91,0
10/8/2024,32.09,14.24,2.98,0.0185
10/9/2024,31.56,13.34,1.55,0
10/10/2024,31.74,18.46,2.65,0.029875
10/11/2024,30.79,15.31,2.84,0
10/12/2024,30.55,13.99,2.63,0
10/13/2024,29.92,14.75,2.42,0.018
10/14/2024,29.07,17.32,2.45,0
10/15/2024,27.29,19.83,2.01,0
10/16/2024,26.09,21.37,3.55,0.01675
10/17/2024,24.44,32.94,3.11,0.0035
10/18/2024,19.42,40.14,5.4,0.035875
10/19/2024,16.6,38.13,1.75,8.063001
10/20/2024,19.53,30.44,1.52,0.0735
10/21/2024,21.78,25.62,2.59,0
10/22/2024,24.31,16.47,2.75,0
10/23/2024,26.28,15.28,3.18,0
10/24/2024,25.95,14.65,2.07,0
10/25/2024,26.13,11.92,2.29,0
10/26/2024,26.13,12.43,3.05,0
10/27/2024,26.31,13.07,2.43,0.015375
10/28/2024,25.03,20.62,3.92,0
10/29/2024,17.62,41.33,4.43,1.37225
10/30/2024,17.06,23.67,1.81,0.0105
10/31/2024,17.42,16.78,2.67,0.018875
11/1/2024,18.98,12.55,2.22,1.00975
11/2/2024,17.86,31.55,2.73,0.132625
11/3/2024,14.37,58.94,3.23,4.35325
11/4/2024,13.36,38.24,2.29,1.42875
11/5/2024,14.48,31.94,2.45,0.03125
11/6/2024,13.41,30.44,4.21,0.53024995
11/7/2024,11.28,29.03,2.79,0
11/8/2024,11.96,31.78,2.47,0
11/9/2024,14.21,27.93,2.66,0
11/10/2024,17.81,25.42,3.03,0
11/11/2024,18.97,20.97,2.31,0
11/12/2024,15.89,19.35,2.43,0
11/13/2024,15.9,21.45,3.23,0.014
11/14/2024,18.24,17.48,3.2,0
11/15/2024,13.85,31.12,3.91,0.020375
11/16/2024,11.39,48.11,2.16,0
11/17/2024,12.21,31.76,2.64,0.00525
11/18/2024,12.15,23.67,2.4,0.008875
11/19/2024,13.43,21.14,2,0.015999999
11/20/2024,15.1,16.88,3.07,0.10237501
11/21/2024,17.27,14.81,2.61,0.035499997
11/22/2024,18.65,14.03,2.64,0
11/23/2024,17.5,15.12,2.47,0
11/24/2024,16.42,29.84,2.08,0.049
11/25/2024,17.66,43.58,1.54,0.46100003
11/26/2024,18.66,36.53,2.36,0.28899997
11/27/2024,18.47,43.17,1.7,0.48649997
11/28/2024,16.16,45.43,2.71,0.020374998
11/29/2024,15.95,31.4,3.27,0.001125
11/30/2024,17.43,18.18,3.08,0.050374996
12/1/2024,16.93,17.65,2.67,0
12/2/2024,17.61,17.96,3.16,0
12/3/2024,18.34,24.86,3.63,0
12/4/2024,16.59,33.06,2.18,0
12/5/2024,17.03,30.54,2.48,0
12/6/2024,17.81,38.99,2.95,0
12/7/2024,17,37.31,2.35,0
12/8/2024,15.49,34.15,2.1,0
12/9/2024,14.17,26.68,3.01,0.004875
12/10/2024,10.5,17.17,3.46,0.0015
12/11/2024,12.38,15.41,3.91,0.000625
12/12/2024,14.54,13.06,3.49,0.016749999
12/13/2024,13.08,29.51,1.99,0.007625
12/14/2024,13.22,28.88,2.66,0
12/15/2024,13.99,23.89,1.89,0.00025
12/16/2024,13.72,20.99,2.97,0
12/17/2024,13.58,20.05,2.55,0
12/18/2024,16.82,17.36,4.12,0
12/19/2024,17.58,18.45,3.3,0
12/20/2024,17.98,19.21,3.31,0
12/21/2024,17.22,21.33,2.9,0
12/22/2024,16.31,17.47,2.26,0.00225
12/23/2024,17.56,28.5,1.95,0.14025
12/24/2024,16.7,34.29,2.62,0
12/25/2024,13.43,35.83,2.88,0.0045
12/26/2024,11.4,34.11,2.54,0.28325
12/27/2024,11.9,32.41,2.12,0.53687495
12/28/2024,13.56,37.74,2.24,0.006625
12/29/2024,14.83,30.86,2.24,0.001375
12/30/2024,15.2,28.44,2.04,0
12/31/2024,14.07,29.4,2.25,0
